<metadata xml:lang="en"><Esri><CreaDate>20110411</CreaDate><CreaTime>17224600</CreaTime><ArcGISFormat>1.0</ArcGISFormat><SyncOnce>FALSE</SyncOnce><DataProperties><itemProps><itemName Sync="TRUE">ecs_subsections_of_mn_v99a</itemName><imsContentType Sync="TRUE">002</imsContentType><itemLocation><linkage Sync="TRUE">file:///home/gdrsadmin/temp/engine/update/geos_ecological_class_system/shp/ecs_subsections_of_mn_v99a.shp</linkage><protocol Sync="TRUE">Local Area Network</protocol></itemLocation><itemSize Sync="TRUE">0.000</itemSize></itemProps><coordRef><type Sync="TRUE">Projected</type><geogcsn Sync="TRUE">GCS_North_American_1983</geogcsn><projcsn Sync="TRUE">NAD_1983_UTM_Zone_15N</projcsn><peXml Sync="TRUE">&lt;ProjectedCoordinateSystem xsi:type='typens:ProjectedCoordinateSystem' xmlns:xsi='http://www.w3.org/2001/XMLSchema-instance' xmlns:xs='http://www.w3.org/2001/XMLSchema' xmlns:typens='http://www.esri.com/schemas/ArcGIS/10.1'&gt;&lt;WKT&gt;PROJCS[&amp;quot;NAD_1983_UTM_Zone_15N&amp;quot;,GEOGCS[&amp;quot;GCS_North_American_1983&amp;quot;,DATUM[&amp;quot;D_North_American_1983&amp;quot;,SPHEROID[&amp;quot;GRS_1980&amp;quot;,6378137.0,298.257222101]],PRIMEM[&amp;quot;Greenwich&amp;quot;,0.0],UNIT[&amp;quot;Degree&amp;quot;,0.0174532925199433]],PROJECTION[&amp;quot;Transverse_Mercator&amp;quot;],PARAMETER[&amp;quot;False_Easting&amp;quot;,500000.0],PARAMETER[&amp;quot;False_Northing&amp;quot;,0.0],PARAMETER[&amp;quot;Central_Meridian&amp;quot;,-93.0],PARAMETER[&amp;quot;Scale_Factor&amp;quot;,0.9996],PARAMETER[&amp;quot;Latitude_Of_Origin&amp;quot;,0.0],UNIT[&amp;quot;Meter&amp;quot;,1.0],AUTHORITY[&amp;quot;EPSG&amp;quot;,26915]]&lt;/WKT&gt;&lt;XOrigin&gt;-5120900&lt;/XOrigin&gt;&lt;YOrigin&gt;-9998100&lt;/YOrigin&gt;&lt;XYScale&gt;450445547.3910538&lt;/XYScale&gt;&lt;ZOrigin&gt;-100000&lt;/ZOrigin&gt;&lt;ZScale&gt;10000&lt;/ZScale&gt;&lt;MOrigin&gt;-100000&lt;/MOrigin&gt;&lt;MScale&gt;10000&lt;/MScale&gt;&lt;XYTolerance&gt;0.001&lt;/XYTolerance&gt;&lt;ZTolerance&gt;0.001&lt;/ZTolerance&gt;&lt;MTolerance&gt;0.001&lt;/MTolerance&gt;&lt;HighPrecision&gt;true&lt;/HighPrecision&gt;&lt;WKID&gt;26915&lt;/WKID&gt;&lt;LatestWKID&gt;26915&lt;/LatestWKID&gt;&lt;/ProjectedCoordinateSystem&gt;</peXml><csUnits Sync="TRUE">Linear Unit: Meter (1.000000)</csUnits></coordRef><lineage><Process ToolSource="C:\Program Files (x86)\ArcGIS\Desktop10.0\ArcToolbox\Toolboxes\Conversion Tools.tbx\FeatureClassToFeatureClass" Date="20110411" Time="172248">FeatureClassToFeatureClass V:\gdrs\data\pub\us_mn_state_dnr\ecs_subspy2\ecs_subspy2.shp V:\gdrs\data\pub\us_mn_state_dnr\geos_ecological_class_system\geos_ecological_class_system.gdb ecs_subsections_of_mn_v99a # "AREA "AREA" true true false 20 Double 0 0 ,First,#,V:\gdrs\data\pub\us_mn_state_dnr\ecs_subspy2\ecs_subspy2.shp,AREA,-1,-1;PERIMETER "PERIMETER" true true false 20 Double 0 0 ,First,#,V:\gdrs\data\pub\us_mn_state_dnr\ecs_subspy2\ecs_subspy2.shp,PERIMETER,-1,-1;ECSLTPY2_ "ECSLTPY2_" true true false 11 Double 0 11 ,First,#,V:\gdrs\data\pub\us_mn_state_dnr\ecs_subspy2\ecs_subspy2.shp,ECSLTPY2_,-1,-1;ECSLTPY2_I "ECSLTPY2_I" true true false 11 Double 0 11 ,First,#,V:\gdrs\data\pub\us_mn_state_dnr\ecs_subspy2\ecs_subspy2.shp,ECSLTPY2_I,-1,-1;PROVNAME "PROVNAME" true true false 35 Text 0 0 ,First,#,V:\gdrs\data\pub\us_mn_state_dnr\ecs_subspy2\ecs_subspy2.shp,PROVNAME,-1,-1;ECS_PROV "ECS_PROV" true true false 3 Text 0 0 ,First,#,V:\gdrs\data\pub\us_mn_state_dnr\ecs_subspy2\ecs_subspy2.shp,ECS_PROV,-1,-1;SECNAME "SECNAME" true true false 35 Text 0 0 ,First,#,V:\gdrs\data\pub\us_mn_state_dnr\ecs_subspy2\ecs_subspy2.shp,SECNAME,-1,-1;ECS_SEC "ECS_SEC" true true false 4 Text 0 0 ,First,#,V:\gdrs\data\pub\us_mn_state_dnr\ecs_subspy2\ecs_subspy2.shp,ECS_SEC,-1,-1;SUBSECNAME "SUBSECNAME" true true false 40 Text 0 0 ,First,#,V:\gdrs\data\pub\us_mn_state_dnr\ecs_subspy2\ecs_subspy2.shp,SUBSECNAME,-1,-1;ECS_SUBSEC "ECS_SUBSEC" true true false 5 Text 0 0 ,First,#,V:\gdrs\data\pub\us_mn_state_dnr\ecs_subspy2\ecs_subspy2.shp,ECS_SUBSEC,-1,-1;VERSION "VERSION" true true false 5 Text 0 0 ,First,#,V:\gdrs\data\pub\us_mn_state_dnr\ecs_subspy2\ecs_subspy2.shp,VERSION,-1,-1" #</Process><Process ToolSource="/home/gdrsadmin/arcgis/engine10.2/ArcToolbox/Toolboxes/Conversion Tools.tbx/FeatureClassToFeatureClass" Date="20141218" Time="233849">FeatureClassToFeatureClass /home/gdrsadmin/temp/engine/update/geos_ecological_class_system/fgdb/geos_ecological_class_system.gdb/ecs_subsections_of_mn_v99a /home/gdrsadmin/temp/engine/update/geos_ecological_class_system/shp ecs_subsections_of_mn_v99a.shp # "AREA "AREA" true true false 8 Double 0 0 ,First,#,/home/gdrsadmin/temp/engine/update/geos_ecological_class_system/fgdb/geos_ecological_class_system.gdb/ecs_subsections_of_mn_v99a,AREA,-1,-1;PERIMETER "PERIMETER" true true false 8 Double 0 0 ,First,#,/home/gdrsadmin/temp/engine/update/geos_ecological_class_system/fgdb/geos_ecological_class_system.gdb/ecs_subsections_of_mn_v99a,PERIMETER,-1,-1;ECSLTPY2_ "ECSLTPY2_" true true false 8 Double 0 0 ,First,#,/home/gdrsadmin/temp/engine/update/geos_ecological_class_system/fgdb/geos_ecological_class_system.gdb/ecs_subsections_of_mn_v99a,ECSLTPY2_,-1,-1;ECSLTPY2_I "ECSLTPY2_I" true true false 8 Double 0 0 ,First,#,/home/gdrsadmin/temp/engine/update/geos_ecological_class_system/fgdb/geos_ecological_class_system.gdb/ecs_subsections_of_mn_v99a,ECSLTPY2_I,-1,-1;PROVNAME "PROVNAME" true true false 35 Text 0 0 ,First,#,/home/gdrsadmin/temp/engine/update/geos_ecological_class_system/fgdb/geos_ecological_class_system.gdb/ecs_subsections_of_mn_v99a,PROVNAME,-1,-1;ECS_PROV "ECS_PROV" true true false 3 Text 0 0 ,First,#,/home/gdrsadmin/temp/engine/update/geos_ecological_class_system/fgdb/geos_ecological_class_system.gdb/ecs_subsections_of_mn_v99a,ECS_PROV,-1,-1;SECNAME "SECNAME" true true false 35 Text 0 0 ,First,#,/home/gdrsadmin/temp/engine/update/geos_ecological_class_system/fgdb/geos_ecological_class_system.gdb/ecs_subsections_of_mn_v99a,SECNAME,-1,-1;ECS_SEC "ECS_SEC" true true false 4 Text 0 0 ,First,#,/home/gdrsadmin/temp/engine/update/geos_ecological_class_system/fgdb/geos_ecological_class_system.gdb/ecs_subsections_of_mn_v99a,ECS_SEC,-1,-1;SUBSECNAME "SUBSECNAME" true true false 40 Text 0 0 ,First,#,/home/gdrsadmin/temp/engine/update/geos_ecological_class_system/fgdb/geos_ecological_class_system.gdb/ecs_subsections_of_mn_v99a,SUBSECNAME,-1,-1;ECS_SUBSEC "ECS_SUBSEC" true true false 5 Text 0 0 ,First,#,/home/gdrsadmin/temp/engine/update/geos_ecological_class_system/fgdb/geos_ecological_class_system.gdb/ecs_subsections_of_mn_v99a,ECS_SUBSEC,-1,-1;VERSION "VERSION" true true false 5 Text 0 0 ,First,#,/home/gdrsadmin/temp/engine/update/geos_ecological_class_system/fgdb/geos_ecological_class_system.gdb/ecs_subsections_of_mn_v99a,VERSION,-1,-1;Shape_Leng "Shape_Length" false true true 8 Double 0 0 ,First,#,/home/gdrsadmin/temp/engine/update/geos_ecological_class_system/fgdb/geos_ecological_class_system.gdb/ecs_subsections_of_mn_v99a,Shape_Length,-1,-1;Shape_Area "Shape_Area" false true true 8 Double 0 0 ,First,#,/home/gdrsadmin/temp/engine/update/geos_ecological_class_system/fgdb/geos_ecological_class_system.gdb/ecs_subsections_of_mn_v99a,Shape_Area,-1,-1" #</Process></lineage></DataProperties><SyncDate>20141218</SyncDate><SyncTime>23384900</SyncTime><ModDate>20141218</ModDate><ModTime>23384900</ModTime></Esri><dataIdInfo><envirDesc Sync="TRUE"> Version 4.0 (Build 1381) Visual MainWin version 5.4; Esri ArcGIS 10.2.2.3552</envirDesc><dataLang><languageCode value="eng" country="USA"></languageCode><countryCode value="US" Sync="TRUE"></countryCode></dataLang><idCitation><resTitle Sync="TRUE">ecs_subsections_of_mn_v99a</resTitle><presForm><PresFormCd value="005"></PresFormCd></presForm></idCitation><descKeys><thesaName uuidref="723f6998-058e-11dc-8314-0800200c9a66"></thesaName><keyword Sync="TRUE">002</keyword></descKeys><spatRpType><SpatRepTypCd value="001"></SpatRepTypCd></spatRpType></dataIdInfo><mdLang><languageCode value="eng"></languageCode><countryCode value="US" Sync="TRUE"></countryCode></mdLang><distInfo><distFormat><formatName Sync="TRUE">Shapefile</formatName></distFormat><distTranOps><transSize Sync="TRUE">0.000</transSize></distTranOps></distInfo><mdHrLv><ScopeCd value="005"></ScopeCd></mdHrLv><mdHrLvName Sync="TRUE">dataset</mdHrLvName><refSysInfo><RefSystem><refSysID><identCode code="26915"></identCode><idCodeSpace Sync="TRUE">EPSG</idCodeSpace><idVersion Sync="TRUE">8.2.6</idVersion></refSysID></RefSystem></refSysInfo><spdoinfo><ptvctinf><esriterm Name="ecs_subsections_of_mn_v99a"><efeatyp Sync="TRUE">Simple</efeatyp><efeageom code="4" Sync="TRUE"></efeageom><esritopo Sync="TRUE">FALSE</esritopo><efeacnt Sync="TRUE">0</efeacnt><spindex Sync="TRUE">FALSE</spindex><linrefer Sync="TRUE">FALSE</linrefer></esriterm></ptvctinf></spdoinfo><spatRepInfo><VectSpatRep><geometObjs Name="ecs_subsections_of_mn_v99a"><geoObjTyp><GeoObjTypCd value="002" Sync="TRUE"></GeoObjTypCd></geoObjTyp><geoObjCnt Sync="TRUE">0</geoObjCnt></geometObjs><topLvl><TopoLevCd value="001" Sync="TRUE"></TopoLevCd></topLvl></VectSpatRep></spatRepInfo><eainfo><detailed Name="ecs_subsections_of_mn_v99a"><enttyp><enttypl Sync="TRUE">ecs_subsections_of_mn_v99a</enttypl><enttypt Sync="TRUE">Feature Class</enttypt><enttypc Sync="TRUE">0</enttypc></enttyp><attr><attrlabl Sync="TRUE">FID</attrlabl><attalias Sync="TRUE">FID</attalias><attrtype Sync="TRUE">OID</attrtype><attwidth Sync="TRUE">4</attwidth><atprecis Sync="TRUE">0</atprecis><attscale Sync="TRUE">0</attscale><attrdef Sync="TRUE">Internal feature number.</attrdef><attrdefs Sync="TRUE">Esri</attrdefs><attrdomv><udom Sync="TRUE">Sequential unique whole numbers that are automatically generated.</udom></attrdomv></attr><attr><attrlabl Sync="TRUE">Shape</attrlabl><attalias Sync="TRUE">Shape</attalias><attrtype Sync="TRUE">Geometry</attrtype><attwidth Sync="TRUE">0</attwidth><atprecis Sync="TRUE">0</atprecis><attscale Sync="TRUE">0</attscale><attrdef Sync="TRUE">Feature geometry.</attrdef><attrdefs Sync="TRUE">ESRI</attrdefs><attrdomv><udom Sync="TRUE">Coordinates defining the features.</udom></attrdomv></attr><attr><attrlabl Sync="TRUE">AREA</attrlabl><attalias Sync="TRUE">AREA</attalias><attrtype Sync="TRUE">Double</attrtype><attwidth Sync="TRUE">19</attwidth><atprecis Sync="TRUE">0</atprecis><attscale Sync="TRUE">0</attscale></attr><attr><attrlabl Sync="TRUE">PERIMETER</attrlabl><attalias Sync="TRUE">PERIMETER</attalias><attrtype Sync="TRUE">Double</attrtype><attwidth Sync="TRUE">19</attwidth><atprecis Sync="TRUE">0</atprecis><attscale Sync="TRUE">0</attscale></attr><attr><attrlabl Sync="TRUE">ECSLTPY2_</attrlabl><attalias Sync="TRUE">ECSLTPY2_</attalias><attrtype Sync="TRUE">Double</attrtype><attwidth Sync="TRUE">19</attwidth><atprecis Sync="TRUE">0</atprecis><attscale Sync="TRUE">0</attscale></attr><attr><attrlabl Sync="TRUE">ECSLTPY2_I</attrlabl><attalias Sync="TRUE">ECSLTPY2_I</attalias><attrtype Sync="TRUE">Double</attrtype><attwidth Sync="TRUE">19</attwidth><atprecis Sync="TRUE">0</atprecis><attscale Sync="TRUE">0</attscale></attr><attr><attrlabl Sync="TRUE">PROVNAME</attrlabl><attalias Sync="TRUE">PROVNAME</attalias><attrtype Sync="TRUE">String</attrtype><attwidth Sync="TRUE">35</attwidth><atprecis Sync="TRUE">0</atprecis><attscale Sync="TRUE">0</attscale></attr><attr><attrlabl Sync="TRUE">ECS_PROV</attrlabl><attalias Sync="TRUE">ECS_PROV</attalias><attrtype Sync="TRUE">String</attrtype><attwidth Sync="TRUE">3</attwidth><atprecis Sync="TRUE">0</atprecis><attscale Sync="TRUE">0</attscale></attr><attr><attrlabl Sync="TRUE">SECNAME</attrlabl><attalias Sync="TRUE">SECNAME</attalias><attrtype Sync="TRUE">String</attrtype><attwidth Sync="TRUE">35</attwidth><atprecis Sync="TRUE">0</atprecis><attscale Sync="TRUE">0</attscale></attr><attr><attrlabl Sync="TRUE">ECS_SEC</attrlabl><attalias Sync="TRUE">ECS_SEC</attalias><attrtype Sync="TRUE">String</attrtype><attwidth Sync="TRUE">4</attwidth><atprecis Sync="TRUE">0</atprecis><attscale Sync="TRUE">0</attscale></attr><attr><attrlabl Sync="TRUE">SUBSECNAME</attrlabl><attalias Sync="TRUE">SUBSECNAME</attalias><attrtype Sync="TRUE">String</attrtype><attwidth Sync="TRUE">40</attwidth><atprecis Sync="TRUE">0</atprecis><attscale Sync="TRUE">0</attscale></attr><attr><attrlabl Sync="TRUE">ECS_SUBSEC</attrlabl><attalias Sync="TRUE">ECS_SUBSEC</attalias><attrtype Sync="TRUE">String</attrtype><attwidth Sync="TRUE">5</attwidth><atprecis Sync="TRUE">0</atprecis><attscale Sync="TRUE">0</attscale></attr><attr><attrlabl Sync="TRUE">VERSION</attrlabl><attalias Sync="TRUE">VERSION</attalias><attrtype Sync="TRUE">String</attrtype><attwidth Sync="TRUE">5</attwidth><atprecis Sync="TRUE">0</atprecis><attscale Sync="TRUE">0</attscale></attr><attr><attrlabl Sync="TRUE">Shape_Leng</attrlabl><attalias Sync="TRUE">Shape_Leng</attalias><attrtype Sync="TRUE">Double</attrtype><attwidth Sync="TRUE">19</attwidth><atprecis Sync="TRUE">0</atprecis><attscale Sync="TRUE">0</attscale></attr><attr><attrlabl Sync="TRUE">Shape_Area</attrlabl><attalias Sync="TRUE">Shape_Area</attalias><attrtype Sync="TRUE">Double</attrtype><attwidth Sync="TRUE">19</attwidth><atprecis Sync="TRUE">0</atprecis><attscale Sync="TRUE">0</attscale><attrdef Sync="TRUE">Area of feature in internal units squared.</attrdef><attrdefs Sync="TRUE">ESRI</attrdefs><attrdomv><udom Sync="TRUE">Positive real numbers that are automatically generated.</udom></attrdomv></attr></detailed></eainfo><mdDateSt Sync="TRUE">20141218</mdDateSt></metadata>
