﻿<?xml version="1.0" encoding="UTF-8"?><metadata><idinfo><citation><citeinfo><origin>Minnesota Department of Natural Resources (DNR)</origin><pubdate>1999-06-01 00:00:00.0</pubdate><title>Ecological Sections of Minnesota</title><mgmg1cid></mgmg1cid><pubinfo><publish>Minnesota DNR - Division of Forestry</publish></pubinfo><onlink>http://gisdata.mn.gov/dataset/geos-ecological-class-system</onlink></citeinfo></citation><descript><abstract>This coverage provides information for all three levels of the Ecological Classification System (ECS): Provinces, Sections, and Subsections.  The boundaries of the polygons of this coverage were derived from Land Type Association (LTA) delineations that were compiled from a visual/interpretive process using Topography, Wetlands, Surficial Geology, Soils, Landsat Imagery and Climatic conditions.</abstract><purpose>This dataset can be used for a variety of planning activities and education.</purpose><supplinf>Statewide-Minnesota</supplinf></descript><timeperd><timeinfo><sngdate><caldate>1999</caldate></sngdate></timeinfo><current>The ECS polygons were delineated during part of the process of identifying Land Type Associations in 1997-1998 and are a refinement of the original ECS</current></timeperd><status><progress>Complete</progress><update>As needed</update></status><spdom><bounding><westbc>-96.833072</westbc><eastbc>-89.397037</eastbc><northbc>49.348244</northbc><southbc>43.435392</southbc></bounding></spdom><keywords><theme><themekey>Ecological Classification System (ECS), Section, Subsection, Province, geoscientificInformation</themekey></theme><place><placekey>Minnesota</placekey></place></keywords><accconst>None</accconst><useconst>Use of the data are contrained only by the DNR GIS Data License Agreement</useconst><native>Arc/Info 7.1.1</native><browse><browsen>ftp://ftp.gisdata.mn.gov/pub/gdrs/data/pub/us_mn_state_dnr/geos_ecological_class_system/metadata/preview.jpg</browsen></browse><ptcontac><cntinfo><cntperp><cntorg>Minnesota Department of Natural Resources</cntorg><cntper>Zeb Thomas</cntper></cntperp><cntpos>GIS Data Systems Coordinator</cntpos><cntaddr><address>500 Lafayette Rd</address><city>Saint Paul</city><state>MN</state><postal>55155</postal></cntaddr><cntvoice>651-259-5637</cntvoice><cntemail>zeb.thomas@state.mn.us</cntemail></cntinfo></ptcontac></idinfo><dataqual><attracc><attraccr>Source table ECS_SECTPY2.DBF:  Automated tests were conducted on all data to ensure that no invalid codes exist within the data set
</attraccr></attracc><logic>Data are topolocially correct using ARC/INFO 8.0.2.  All polygons are closed and lines intersect where intended. Region feature classes were created for the three levels of ECS classes, Province, Section and Subsection.</logic><complete>All ECS boundaries in the state were re-located based on the definition of the Land Type Association boundaries, the fourth step in the ECS classification process. Significant differences exist between the older version of the ECS data.</complete><posacc><horizpa><horizpar>Source layer ecsltpy2:  Unknown
</horizpar></horizpa><vertacc><vertaccr>Source layer ecsltpy2:  Not Applicable
</vertaccr></vertacc></posacc><lineage><srcinfo><srcscale>Source layer ecsltpy2:  100000
</srcscale></srcinfo><procstep><procdesc>Attribute Lineage for source table ECS_SECTPY2.DBF:  Once the LTA coverage was complete, each polygon was assigned a code based on standards in the National Hierarchical Framework of Ecological Units.
</procdesc></procstep></lineage></dataqual><spdoinfo><indspref></indspref><direct>vector</direct><mgmg3obj>polygon</mgmg3obj><mgmg3til>state</mgmg3til></spdoinfo><spref><vertdef><altsys><altdatum>Not Applicable</altdatum><altunits>Not Applicable</altunits></altsys><depthsys><depthdn>Not Applicable</depthdn><depthdu>Not Applicable</depthdu></depthsys></vertdef><horizsys><planar><gridsys><gridsysn>Universal Transverse Mercator</gridsysn><utm><utmzone>15</utmzone></utm></gridsys><planci><plandu>meters</plandu></planci></planar><geodetic><horizdn>NAD83</horizdn><ellips>GRS80</ellips></geodetic></horizsys></spref><eainfo><detailed><enttyp><enttypl>ecs_provinces_of_mn_v99a, ecs_sections_of_mn_v99a, and ecs_subsections_of_mn_v99a</enttypl><enttypd>Feature Class Attribute Table</enttypd></enttyp><attr><attrlabl>PROVNAME</attrlabl><attrdef>Name of the geomorphic province that the feature falls within</attrdef><attrdomv><edom><edomv>Eastern Broadleaf Forest</edomv><edomvd>222</edomvd></edom></attrdomv><attrdomv><edom><edomv>Laurentian Mixed Forest Province</edomv><edomvd>212</edomvd></edom></attrdomv><attrdomv><edom><edomv>Prairie Parkland Province</edomv><edomvd>251</edomvd></edom></attrdomv><attrdomv><edom><edomv>Tallgrass Aspen Parklands</edomv><edomvd>223</edomvd></edom></attrdomv></attr><attr><attrlabl>ECS_PROV</attrlabl><attrdef>ECS Province Code</attrdef><attrdomv><edom><edomv>212</edomv><edomvd>Laurentian Mixed Forest Province</edomvd></edom></attrdomv><attrdomv><edom><edomv>222</edomv><edomvd>Eastern Broadleaf Forest Province</edomvd></edom></attrdomv><attrdomv><edom><edomv>223</edomv><edomvd>Tallgrass Aspen Parklands</edomvd></edom></attrdomv><attrdomv><edom><edomv>223</edomv><edomvd>Tallgrass Aspen Parklands Province</edomvd></edom></attrdomv><attrdomv><edom><edomv>251</edomv><edomvd>Prairie Parkland Province</edomvd></edom></attrdomv></attr><attr><attrlabl>SECNAME</attrlabl><attrdef>The ECS Section name</attrdef><attrdomv><edom><edomv>Lake Agassiz, Aspen Parklands</edomv><edomvd>223N</edomvd></edom></attrdomv><attrdomv><edom><edomv>Minnesota and NE Iowa Morainal</edomv><edomvd>222M</edomvd></edom></attrdomv><attrdomv><edom><edomv>N. Minnesota Drift and Lake Plains</edomv><edomvd>212N</edomvd></edom></attrdomv><attrdomv><edom><edomv>N. Minnesota and Ontario Peatlands</edomv><edomvd>212M</edomvd></edom></attrdomv><attrdomv><edom><edomv>North Central Glaciated Plains</edomv><edomvd>251B</edomvd></edom></attrdomv><attrdomv><edom><edomv>Northern Superior Uplands</edomv><edomvd>212L</edomvd></edom></attrdomv><attrdomv><edom><edomv>Paleozoic Plateau</edomv><edomvd>222L</edomvd></edom></attrdomv><attrdomv><edom><edomv>Red River Valley</edomv><edomvd>251A</edomvd></edom></attrdomv><attrdomv><edom><edomv>Southern Superior Uplands</edomv><edomvd>212J</edomvd></edom></attrdomv><attrdomv><edom><edomv>Western Superior Uplands</edomv><edomvd>212K</edomvd></edom></attrdomv></attr><attr><attrlabl>ECS_SEC</attrlabl><attrdef>National Hierarchical Framework of Ecological Units identifier</attrdef><attrdomv><edom><edomv>212J</edomv><edomvd>Southern Superior Uplands</edomvd></edom></attrdomv><attrdomv><edom><edomv>212K</edomv><edomvd>Western Superior Uplands</edomvd></edom></attrdomv><attrdomv><edom><edomv>212L</edomv><edomvd>Northern Superior Uplands</edomvd></edom></attrdomv><attrdomv><edom><edomv>212M</edomv><edomvd>N. Minnesota and Ontario Peatlands</edomvd></edom></attrdomv><attrdomv><edom><edomv>212N</edomv><edomvd>N. Minnesota Drift and Lake Plains</edomvd></edom></attrdomv><attrdomv><edom><edomv>222L</edomv><edomvd>Paleozoic Plateau</edomvd></edom></attrdomv><attrdomv><edom><edomv>222M</edomv><edomvd>Minnesota and NE Iowa Morainal</edomvd></edom></attrdomv><attrdomv><edom><edomv>223N</edomv><edomvd>Lake Agassiz, Aspen Parklands</edomvd></edom></attrdomv><attrdomv><edom><edomv>251A</edomv><edomvd>Red River Valley</edomvd></edom></attrdomv><attrdomv><edom><edomv>251B</edomv><edomvd>North Central Glaciated Plains</edomvd></edom></attrdomv></attr><attr><attrlabl>SUBSECNAME</attrlabl><attrdef>The ECS Subsection Name</attrdef><attrdomv><edom><edomv>Agassiz Lowlands</edomv><edomvd>212Mb</edomvd></edom></attrdomv><attrdomv><edom><edomv>Anoka Sand Plain</edomv><edomvd>222Mc</edomvd></edom></attrdomv><attrdomv><edom><edomv>Aspen Parklands</edomv><edomvd>223Na</edomvd></edom></attrdomv><attrdomv><edom><edomv>Big Woods</edomv><edomvd>222Mb</edomvd></edom></attrdomv><attrdomv><edom><edomv>Border Lakes</edomv><edomvd>212La</edomvd></edom></attrdomv><attrdomv><edom><edomv>Chippewa Plains</edomv><edomvd>212Na</edomvd></edom></attrdomv><attrdomv><edom><edomv>Coteau Moraines</edomv><edomvd>251Bb</edomvd></edom></attrdomv><attrdomv><edom><edomv>Glacial Lake Superior Plain</edomv><edomvd>212Ja</edomvd></edom></attrdomv><attrdomv><edom><edomv>Hardwood Hills</edomv><edomvd>222Ma</edomvd></edom></attrdomv><attrdomv><edom><edomv>Inner Coteau</edomv><edomvd>251Bc</edomvd></edom></attrdomv><attrdomv><edom><edomv>Laurentian Uplands</edomv><edomvd>212Le</edomvd></edom></attrdomv><attrdomv><edom><edomv>Littlefork-Vermillion Uplands</edomv><edomvd>212Ma</edomvd></edom></attrdomv><attrdomv><edom><edomv>Mille Lacs Uplands</edomv><edomvd>212Kb</edomvd></edom></attrdomv><attrdomv><edom><edomv>Minnesota River Prairie</edomv><edomvd>251Ba</edomvd></edom></attrdomv><attrdomv><edom><edomv>Nashwauk Uplands</edomv><edomvd>212Lc</edomvd></edom></attrdomv><attrdomv><edom><edomv>North Shore Highlands</edomv><edomvd>212Lb</edomvd></edom></attrdomv><attrdomv><edom><edomv>Oak Savanna</edomv><edomvd>222Me</edomvd></edom></attrdomv><attrdomv><edom><edomv>Pine Moraines and Outwash Plains</edomv><edomvd>212Nc</edomvd></edom></attrdomv><attrdomv><edom><edomv>Red River Prairie</edomv><edomvd>251Aa</edomvd></edom></attrdomv><attrdomv><edom><edomv>Rochester Plateau</edomv><edomvd>222Lf</edomvd></edom></attrdomv><attrdomv><edom><edomv>St. Croix Moraine</edomv><edomvd>212Jd</edomvd></edom></attrdomv><attrdomv><edom><edomv>St. Louis Moraines</edomv><edomvd>212Nb</edomvd></edom></attrdomv><attrdomv><edom><edomv>St. Paul-Baldwin Plains</edomv><edomvd>222Md</edomvd></edom></attrdomv><attrdomv><edom><edomv>Tamarack Lowlands</edomv><edomvd>212Nd</edomvd></edom></attrdomv><attrdomv><edom><edomv>The Blufflands</edomv><edomvd>222Lc</edomvd></edom></attrdomv><attrdomv><edom><edomv>Toimi Uplands</edomv><edomvd>212Ld</edomvd></edom></attrdomv></attr><attr><attrlabl>ECS_SUBSEC</attrlabl><attrdef>National Hierarchical Framework of Ecological Units identifier</attrdef><attrdomv><edom><edomv>212Ja</edomv><edomvd>Glacial Lake Superior Plain</edomvd></edom></attrdomv><attrdomv><edom><edomv>212Jd</edomv><edomvd>St. Croix Moraine</edomvd></edom></attrdomv><attrdomv><edom><edomv>212Kb</edomv><edomvd>Mille Lacs Uplands</edomvd></edom></attrdomv><attrdomv><edom><edomv>212La</edomv><edomvd>Border Lakes</edomvd></edom></attrdomv><attrdomv><edom><edomv>212Lb</edomv><edomvd>North Shore Highlands</edomvd></edom></attrdomv><attrdomv><edom><edomv>212Lc</edomv><edomvd>Nashwauk Uplands</edomvd></edom></attrdomv><attrdomv><edom><edomv>212Ld</edomv><edomvd>Toimi Uplands</edomvd></edom></attrdomv><attrdomv><edom><edomv>212Le</edomv><edomvd>Laurentian Uplands</edomvd></edom></attrdomv><attrdomv><edom><edomv>212Le</edomv><edomvd>Laurentian Highlands</edomvd></edom></attrdomv><attrdomv><edom><edomv>212Ma</edomv><edomvd>Littlefork-Vermillion Uplands</edomvd></edom></attrdomv><attrdomv><edom><edomv>212Ma</edomv><edomvd>Littlefork Vermilion Uplands</edomvd></edom></attrdomv><attrdomv><edom><edomv>212Mb</edomv><edomvd>Agassiz Lowlands</edomvd></edom></attrdomv><attrdomv><edom><edomv>212Na</edomv><edomvd>Chippewa Plains</edomvd></edom></attrdomv><attrdomv><edom><edomv>212Nb</edomv><edomvd>St. Louis Moraines</edomvd></edom></attrdomv><attrdomv><edom><edomv>212Nc</edomv><edomvd>Pine Moraines and Outwash Plains</edomvd></edom></attrdomv><attrdomv><edom><edomv>212Nd</edomv><edomvd>Tamarack Lowlands</edomvd></edom></attrdomv><attrdomv><edom><edomv>222Lc</edomv><edomvd>The Blufflands</edomvd></edom></attrdomv><attrdomv><edom><edomv>222Lf</edomv><edomvd>Rochester Plateau</edomvd></edom></attrdomv><attrdomv><edom><edomv>222Ma</edomv><edomvd>Hardwood Hills</edomvd></edom></attrdomv><attrdomv><edom><edomv>222Mb</edomv><edomvd>Big Woods</edomvd></edom></attrdomv><attrdomv><edom><edomv>222Mc</edomv><edomvd>Anoka Sand Plain</edomvd></edom></attrdomv><attrdomv><edom><edomv>222Md</edomv><edomvd>St. Paul-Baldwin Plains</edomvd></edom></attrdomv><attrdomv><edom><edomv>222Md</edomv><edomvd>St. Paul-Baldwin Plains and Moraines</edomvd></edom></attrdomv><attrdomv><edom><edomv>222Me</edomv><edomvd>Oak Savanna</edomvd></edom></attrdomv><attrdomv><edom><edomv>222Me</edomv><edomvd>Oak Savannah</edomvd></edom></attrdomv><attrdomv><edom><edomv>223Na</edomv><edomvd>Aspen Parklands</edomvd></edom></attrdomv><attrdomv><edom><edomv>251Aa</edomv><edomvd>Red River Prairie</edomvd></edom></attrdomv><attrdomv><edom><edomv>251Ba</edomv><edomvd>Minnesota River Prairie</edomvd></edom></attrdomv><attrdomv><edom><edomv>251Bb</edomv><edomvd>Coteau Moraines</edomvd></edom></attrdomv><attrdomv><edom><edomv>251Bc</edomv><edomvd>Inner Coteau</edomvd></edom></attrdomv></attr><attr><attrlabl>LTANAME</attrlabl><attrdef>LTA Description</attrdef><attrdomv><edom><edomv>Afton Bedrock Hills</edomv><edomvd>222Md02</edomvd></edom></attrdomv><attrdomv><edom><edomv>Agram Sand Plain</edomv><edomvd>222Mc04</edomvd></edom></attrdomv><attrdomv><edom><edomv>Aitkin Moraine</edomv><edomvd>212Nb02</edomvd></edom></attrdomv><attrdomv><edom><edomv>Alexandria Moraine</edomv><edomvd>222Ma14</edomvd></edom></attrdomv><attrdomv><edom><edomv>Alida Till Plain</edomv><edomvd>212Na21</edomvd></edom></attrdomv><attrdomv><edom><edomv>Alluvial Plain</edomv><edomvd>222Lc01</edomvd></edom></attrdomv><attrdomv><edom><edomv>Almelund Moraine</edomv><edomvd>212Kb32</edomvd></edom></attrdomv><attrdomv><edom><edomv>Altura Ridgetops</edomv><edomvd>222Lc10</edomvd></edom></attrdomv><attrdomv><edom><edomv>Amboy Moraine</edomv><edomvd>251Ba22</edomvd></edom></attrdomv><attrdomv><edom><edomv>Ann Lake Drumlin Plain</edomv><edomvd>212Kb09</edomvd></edom></attrdomv><attrdomv><edom><edomv>Anoka Lake Plain</edomv><edomvd>222Mc01</edomvd></edom></attrdomv><attrdomv><edom><edomv>Anthony Lake Plain</edomv><edomvd>251Aa02</edomvd></edom></attrdomv><attrdomv><edom><edomv>Artichoke Moraine</edomv><edomvd>251Ba04</edomvd></edom></attrdomv><attrdomv><edom><edomv>Ash Lake Till Plain</edomv><edomvd>212La17</edomvd></edom></attrdomv><attrdomv><edom><edomv>Audubon Moraine</edomv><edomvd>251Aa18</edomvd></edom></attrdomv><attrdomv><edom><edomv>Aurora Till Plain</edomv><edomvd>212Nd05</edomvd></edom></attrdomv><attrdomv><edom><edomv>Automba Drumlin Plain</edomv><edomvd>212Nb19</edomvd></edom></attrdomv><attrdomv><edom><edomv>Barnesville Beach Complex</edomv><edomvd>251Aa09</edomvd></edom></attrdomv><attrdomv><edom><edomv>Bass Lake Moraine</edomv><edomvd>212Nc32</edomvd></edom></attrdomv><attrdomv><edom><edomv>Baudette Lake Plain</edomv><edomvd>212Mb07</edomvd></edom></attrdomv><attrdomv><edom><edomv>Beach Ridges</edomv><edomvd>223Na01</edomvd></edom></attrdomv><attrdomv><edom><edomv>Beaver Creek Till Plain</edomv><edomvd>251Bc04</edomvd></edom></attrdomv><attrdomv><edom><edomv>Becida Till Plain</edomv><edomvd>212Na22</edomvd></edom></attrdomv><attrdomv><edom><edomv>Bellgrade Sand Plain</edomv><edomvd>251Ba28</edomvd></edom></attrdomv><attrdomv><edom><edomv>Beltrami-Pine Island Beach Ridges</edomv><edomvd>212Mb16</edomvd></edom></attrdomv><attrdomv><edom><edomv>Beltrami-Pine Island Peatlands</edomv><edomvd>212Mb04</edomvd></edom></attrdomv><attrdomv><edom><edomv>Bemidji Sand Plain</edomv><edomvd>212Na07</edomvd></edom></attrdomv><attrdomv><edom><edomv>Bena Dunes and Peatlands</edomv><edomvd>212Na08</edomvd></edom></attrdomv><attrdomv><edom><edomv>Berner Lake Plain</edomv><edomvd>223Na10</edomvd></edom></attrdomv><attrdomv><edom><edomv>Big Rice Moraine</edomv><edomvd>212Lc07</edomvd></edom></attrdomv><attrdomv><edom><edomv>Big-Bird Lake Moraine</edomv><edomvd>212Le11</edomvd></edom></attrdomv><attrdomv><edom><edomv>Blackduck Moraine</edomv><edomvd>212Na18</edomvd></edom></attrdomv><attrdomv><edom><edomv>Blackduck Till Plain</edomv><edomvd>212Na16</edomvd></edom></attrdomv><attrdomv><edom><edomv>Blooming Prairie Till Plain</edomv><edomvd>222Me04</edomvd></edom></attrdomv><attrdomv><edom><edomv>Blooming Valley  Lake Plain</edomv><edomvd>223Na07</edomvd></edom></attrdomv><attrdomv><edom><edomv>Blue Mounds</edomv><edomvd>251Bc03</edomvd></edom></attrdomv><attrdomv><edom><edomv>Bowstring Till Plain</edomv><edomvd>212Na11</edomvd></edom></attrdomv><attrdomv><edom><edomv>Brainerd Drumlin Plain</edomv><edomvd>212Kb11</edomvd></edom></attrdomv><attrdomv><edom><edomv>Brimson Sand Plain</edomv><edomvd>212Lb21</edomvd></edom></attrdomv><attrdomv><edom><edomv>Bronson Lake Plain</edomv><edomvd>223Na08</edomvd></edom></attrdomv><attrdomv><edom><edomv>Brooke Park Till Plain</edomv><edomvd>212Kb25</edomvd></edom></attrdomv><attrdomv><edom><edomv>Brooks Lake Plain</edomv><edomvd>223Na17</edomvd></edom></attrdomv><attrdomv><edom><edomv>Brookston Moraine</edomv><edomvd>212Lb20</edomvd></edom></attrdomv><attrdomv><edom><edomv>Brownsville Slopes</edomv><edomvd>222Lc02</edomvd></edom></attrdomv><attrdomv><edom><edomv>Bruno Moraine</edomv><edomvd>212Kb01</edomvd></edom></attrdomv><attrdomv><edom><edomv>Buffalo Ridge</edomv><edomvd>251Bb04</edomvd></edom></attrdomv><attrdomv><edom><edomv>Buhl Till Plain</edomv><edomvd>212Nb15</edomvd></edom></attrdomv><attrdomv><edom><edomv>Bunde Till Plain</edomv><edomvd>251Ba08</edomvd></edom></attrdomv><attrdomv><edom><edomv>Burns Till Plain</edomv><edomvd>222Mc02</edomvd></edom></attrdomv><attrdomv><edom><edomv>Burtrum Moraine</edomv><edomvd>222Ma05</edomvd></edom></attrdomv><attrdomv><edom><edomv>Cabin Lake Till Plain</edomv><edomvd>212Lb05</edomvd></edom></attrdomv><attrdomv><edom><edomv>Caledonia Ridgetops</edomv><edomvd>222Lc03</edomvd></edom></attrdomv><attrdomv><edom><edomv>Campbell Lake Plain</edomv><edomvd>251Aa13</edomvd></edom></attrdomv><attrdomv><edom><edomv>Cannon River Valley</edomv><edomvd>222Lc07</edomvd></edom></attrdomv><attrdomv><edom><edomv>Chester Ridge</edomv><edomvd>222Lf01</edomvd></edom></attrdomv><attrdomv><edom><edomv>Chisago Moraine</edomv><edomvd>212Kb31</edomvd></edom></attrdomv><attrdomv><edom><edomv>Clarissa Drumlin Plain</edomv><edomvd>222Ma08</edomvd></edom></attrdomv><attrdomv><edom><edomv>Clearbrook Till Plain</edomv><edomvd>222Ma22</edomvd></edom></attrdomv><attrdomv><edom><edomv>Clinton Moraine</edomv><edomvd>251Ba01</edomvd></edom></attrdomv><attrdomv><edom><edomv>Clontarf Lake Plain</edomv><edomvd>251Ba03</edomvd></edom></attrdomv><attrdomv><edom><edomv>Cloquet Sand Plain</edomv><edomvd>212Lb04</edomvd></edom></attrdomv><attrdomv><edom><edomv>Cloverdale Sand Plain</edomv><edomvd>212Kb19</edomvd></edom></attrdomv><attrdomv><edom><edomv>Coates Sand Plain</edomv><edomvd>222Me09</edomvd></edom></attrdomv><attrdomv><edom><edomv>Cook Till Plain</edomv><edomvd>212Ma21</edomvd></edom></attrdomv><attrdomv><edom><edomv>Coon Lake Till Plain</edomv><edomvd>212Nb08</edomvd></edom></attrdomv><attrdomv><edom><edomv>Cordova Moraine</edomv><edomvd>222Mb01</edomvd></edom></attrdomv><attrdomv><edom><edomv>Cormorant Sand Plain</edomv><edomvd>222Ma21</edomvd></edom></attrdomv><attrdomv><edom><edomv>Corvuso Moraine</edomv><edomvd>251Ba29</edomvd></edom></attrdomv><attrdomv><edom><edomv>Crow Wing Sand Plain</edomv><edomvd>212Nc01</edomvd></edom></attrdomv><attrdomv><edom><edomv>Darfur Bedrock Hills</edomv><edomvd>251Ba18</edomvd></edom></attrdomv><attrdomv><edom><edomv>Debs Till Plain</edomv><edomvd>212Na19</edomvd></edom></attrdomv><attrdomv><edom><edomv>Deer River Peatlands</edomv><edomvd>212Na10</edomvd></edom></attrdomv><attrdomv><edom><edomv>Detroit Lakes Sand Plain</edomv><edomvd>222Ma13</edomvd></edom></attrdomv><attrdomv><edom><edomv>Dohrman Ridge</edomv><edomvd>223Na18</edomvd></edom></attrdomv><attrdomv><edom><edomv>Douglas Lake-Modified Till Plain</edomv><edomvd>212Ja01</edomvd></edom></attrdomv><attrdomv><edom><edomv>Duesler Lake Plain</edomv><edomvd>212Ja09</edomvd></edom></attrdomv><attrdomv><edom><edomv>Duxbury Moraine</edomv><edomvd>212Kb02</edomvd></edom></attrdomv><attrdomv><edom><edomv>Duxby Lake Plain</edomv><edomvd>223Na25</edomvd></edom></attrdomv><attrdomv><edom><edomv>Eastside Till Plain</edomv><edomvd>212Kb05</edomvd></edom></attrdomv><attrdomv><edom><edomv>Effie Till Plain</edomv><edomvd>212Ma18</edomvd></edom></attrdomv><attrdomv><edom><edomv>Elba Slopes</edomv><edomvd>222Lc11</edomvd></edom></attrdomv><attrdomv><edom><edomv>Elk River Moraine</edomv><edomvd>222Mc03</edomvd></edom></attrdomv><attrdomv><edom><edomv>Elko Moriane</edomv><edomvd>222Mb06</edomvd></edom></attrdomv><attrdomv><edom><edomv>Elm Park Till Plain</edomv><edomvd>212Kb21</edomvd></edom></attrdomv><attrdomv><edom><edomv>Ely-Knife Lake Bedrock Complex</edomv><edomvd>212La23</edomvd></edom></attrdomv><attrdomv><edom><edomv>Ericsburg Till Plain</edomv><edomvd>212Ma02</edomvd></edom></attrdomv><attrdomv><edom><edomv>Erskine Till Plain</edomv><edomvd>222Ma20</edomvd></edom></attrdomv><attrdomv><edom><edomv>Esquagama Sand Plain</edomv><edomvd>212Nd06</edomvd></edom></attrdomv><attrdomv><edom><edomv>Felton Lake Plain</edomv><edomvd>251Aa04</edomvd></edom></attrdomv><attrdomv><edom><edomv>Fergus Falls Till Plain</edomv><edomvd>251Aa14</edomvd></edom></attrdomv><attrdomv><edom><edomv>Finlayson Till Plain</edomv><edomvd>212Kb15</edomvd></edom></attrdomv><attrdomv><edom><edomv>Flensburg Sand Plain</edomv><edomvd>222Ma02</edomvd></edom></attrdomv><attrdomv><edom><edomv>Flom Till Plain</edomv><edomvd>251Aa12</edomvd></edom></attrdomv><attrdomv><edom><edomv>Floodwood Peatlands</edomv><edomvd>212Nd03</edomvd></edom></attrdomv><attrdomv><edom><edomv>Forest Lake Moraine</edomv><edomvd>222Md04</edomvd></edom></attrdomv><attrdomv><edom><edomv>Fourtown Peatlands</edomv><edomvd>223Na11</edomvd></edom></attrdomv><attrdomv><edom><edomv>Frederic Knolls</edomv><edomvd>212Jd06</edomvd></edom></attrdomv><attrdomv><edom><edomv>Gabbro Lake Bedrock Compl</edomv><edomvd>212La13</edomvd></edom></attrdomv><attrdomv><edom><edomv>Gentilly Lake Plain</edomv><edomvd>223Na15</edomvd></edom></attrdomv><attrdomv><edom><edomv>Gibbon Till Plain</edomv><edomvd>251Ba20</edomvd></edom></attrdomv><attrdomv><edom><edomv>Gilchrist Moraine</edomv><edomvd>251Ba09</edomvd></edom></attrdomv><attrdomv><edom><edomv>Goodhue Plain</edomv><edomvd>222Lf04</edomvd></edom></attrdomv><attrdomv><edom><edomv>Goodland Delta</edomv><edomvd>212Nb09</edomvd></edom></attrdomv><attrdomv><edom><edomv>Goodridge Lake Plain</edomv><edomvd>223Na05</edomvd></edom></attrdomv><attrdomv><edom><edomv>Greenview Lake Plain</edomv><edomvd>251Aa07</edomvd></edom></attrdomv><attrdomv><edom><edomv>Greenwood Lake Till Plain</edomv><edomvd>212Le10</edomvd></edom></attrdomv><attrdomv><edom><edomv>Grogan Sand Plain</edomv><edomvd>251Ba21</edomvd></edom></attrdomv><attrdomv><edom><edomv>Guthrie Till Plain</edomv><edomvd>212Na03</edomvd></edom></attrdomv><attrdomv><edom><edomv>Hallock Lake Plain</edomv><edomvd>251Aa01</edomvd></edom></attrdomv><attrdomv><edom><edomv>Hamburg Moraine</edomv><edomvd>222Mb02</edomvd></edom></attrdomv><attrdomv><edom><edomv>HamptonTill Plain</edomv><edomvd>222Lf05</edomvd></edom></attrdomv><attrdomv><edom><edomv>Haney Till Plain</edomv><edomvd>212Ma13</edomvd></edom></attrdomv><attrdomv><edom><edomv>Havanna Moraine</edomv><edomvd>222Me05</edomvd></edom></attrdomv><attrdomv><edom><edomv>Havelock Lake Plain</edomv><edomvd>251Ba06</edomvd></edom></attrdomv><attrdomv><edom><edomv>Hayfield Till Plain</edomv><edomvd>222Me08</edomvd></edom></attrdomv><attrdomv><edom><edomv>Henning Till Plain</edomv><edomvd>212Nc29</edomvd></edom></attrdomv><attrdomv><edom><edomv>Heron Lake Till Plain</edomv><edomvd>251Bb06</edomvd></edom></attrdomv><attrdomv><edom><edomv>Highland Moriane</edomv><edomvd>212Lb03</edomvd></edom></attrdomv><attrdomv><edom><edomv>Hill City Till Plain</edomv><edomvd>212Nb12</edomvd></edom></attrdomv><attrdomv><edom><edomv>Holdingford Till Plain</edomv><edomvd>222Ma01</edomvd></edom></attrdomv><attrdomv><edom><edomv>Honeymoon Mountain Till Plain</edomv><edomvd>212Lb08</edomvd></edom></attrdomv><attrdomv><edom><edomv>Hopkins Moraine</edomv><edomvd>222Mb04</edomvd></edom></attrdomv><attrdomv><edom><edomv>Horton Till Plain</edomv><edomvd>251Ba10</edomvd></edom></attrdomv><attrdomv><edom><edomv>Indus Lake Plain</edomv><edomvd>212Mb11</edomvd></edom></attrdomv><attrdomv><edom><edomv>Iosco Moraine</edomv><edomvd>222Me06</edomvd></edom></attrdomv><attrdomv><edom><edomv>Isabella Moraine</edomv><edomvd>212Le01</edomvd></edom></attrdomv><attrdomv><edom><edomv>Itasca Moraine</edomv><edomvd>212Nc16</edomvd></edom></attrdomv><attrdomv><edom><edomv>Itasca Moraine, Steep</edomv><edomvd>212Nc30</edomvd></edom></attrdomv><attrdomv><edom><edomv>Jelle Peatlands</edomv><edomvd>212Mb26</edomvd></edom></attrdomv><attrdomv><edom><edomv>Johnson Lake Bedrock Complex</edomv><edomvd>212La07</edomvd></edom></attrdomv><attrdomv><edom><edomv>Johnson Till Plain</edomv><edomvd>251Ba15</edomvd></edom></attrdomv><attrdomv><edom><edomv>Kandiyohi Moraine</edomv><edomvd>251Ba23</edomvd></edom></attrdomv><attrdomv><edom><edomv>Kathio Moraine</edomv><edomvd>212Kb04</edomvd></edom></attrdomv><attrdomv><edom><edomv>Keister Moraine</edomv><edomvd>251Ba30</edomvd></edom></attrdomv><attrdomv><edom><edomv>Kelly-Sawbill Landing Tilll Plain</edomv><edomvd>212Le02</edomvd></edom></attrdomv><attrdomv><edom><edomv>Kettle River Drumlin Plain</edomv><edomvd>212Kb12</edomvd></edom></attrdomv><attrdomv><edom><edomv>Komensky Moraine</edomv><edomvd>222Mb07</edomvd></edom></attrdomv><attrdomv><edom><edomv>Koochiching Beach Ridges</edomv><edomvd>212Ma16</edomvd></edom></attrdomv><attrdomv><edom><edomv>Koochiching Peatlands</edomv><edomvd>212Ma01</edomvd></edom></attrdomv><attrdomv><edom><edomv>Lac LaCroix Bedrock Complex</edomv><edomvd>212La08</edomvd></edom></attrdomv><attrdomv><edom><edomv>Lake Benton Till Plain</edomv><edomvd>251Bb03</edomvd></edom></attrdomv><attrdomv><edom><edomv>Lake Winnibigoshish</edomv><edomvd>212Na02</edomvd></edom></attrdomv><attrdomv><edom><edomv>Lake of the Woods</edomv><edomvd>212Mb30</edomvd></edom></attrdomv><attrdomv><edom><edomv>Landcaster Lake Plain</edomv><edomvd>223Na09</edomvd></edom></attrdomv><attrdomv><edom><edomv>Le Roy Till Plain</edomv><edomvd>222Me07</edomvd></edom></attrdomv><attrdomv><edom><edomv>Le Sueur  Alluvial Plain</edomv><edomvd>222Mb05</edomvd></edom></attrdomv><attrdomv><edom><edomv>Leech Lake</edomv><edomvd>212Nc15</edomvd></edom></attrdomv><attrdomv><edom><edomv>Lemond Moraine</edomv><edomvd>222Me01</edomvd></edom></attrdomv><attrdomv><edom><edomv>Lengby Till Plain</edomv><edomvd>222Ma19</edomvd></edom></attrdomv><attrdomv><edom><edomv>Lerdal Moriane</edomv><edomvd>222Me02</edomvd></edom></attrdomv><attrdomv><edom><edomv>Lewiston Plain</edomv><edomvd>222Lf02</edomvd></edom></attrdomv><attrdomv><edom><edomv>Litomysl Moraine</edomv><edomvd>222Me03</edomvd></edom></attrdomv><attrdomv><edom><edomv>Little-Big Fork Till Plain</edomv><edomvd>212Ma03</edomvd></edom></attrdomv><attrdomv><edom><edomv>Lofgren Moraine</edomv><edomvd>212Ma10</edomvd></edom></attrdomv><attrdomv><edom><edomv>Long Prairie Sand Plain</edomv><edomvd>222Ma07</edomvd></edom></attrdomv><attrdomv><edom><edomv>Lude Beaches and Peatlands</edomv><edomvd>212Mb24</edomvd></edom></attrdomv><attrdomv><edom><edomv>Luverne Alluvial Plain</edomv><edomvd>251Bc05</edomvd></edom></attrdomv><attrdomv><edom><edomv>Luxemburg Sand Plain</edomv><edomvd>222Ma09</edomvd></edom></attrdomv><attrdomv><edom><edomv>Malcolm Lake Plain</edomv><edomvd>223Na13</edomvd></edom></attrdomv><attrdomv><edom><edomv>Malmo Peatlands</edomv><edomvd>212Kb03</edomvd></edom></attrdomv><attrdomv><edom><edomv>Maple Plain Moraine</edomv><edomvd>222Mb03</edomvd></edom></attrdomv><attrdomv><edom><edomv>Maplewood Moraine</edomv><edomvd>222Md03</edomvd></edom></attrdomv><attrdomv><edom><edomv>Marcell Moraine</edomv><edomvd>212Nb07</edomvd></edom></attrdomv><attrdomv><edom><edomv>McIntosh Moraine</edomv><edomvd>222Ma18</edomvd></edom></attrdomv><attrdomv><edom><edomv>Meire Grove Till Plain</edomv><edomvd>251Ba32</edomvd></edom></attrdomv><attrdomv><edom><edomv>Mesabi Range</edomv><edomvd>212Lc10</edomvd></edom></attrdomv><attrdomv><edom><edomv>Milaca Till Plain</edomv><edomvd>212Kb24</edomvd></edom></attrdomv><attrdomv><edom><edomv>Milan Alluvial Plain</edomv><edomvd>251Ba05</edomvd></edom></attrdomv><attrdomv><edom><edomv>Mildred Sand Plain</edomv><edomvd>212Nc12</edomvd></edom></attrdomv><attrdomv><edom><edomv>Mille Lacs Lake</edomv><edomvd>212Kb16</edomvd></edom></attrdomv><attrdomv><edom><edomv>Mille Lacs Moraine</edomv><edomvd>212Kb28</edomvd></edom></attrdomv><attrdomv><edom><edomv>Mississippi River Valley</edomv><edomvd>222Lc08</edomvd></edom></attrdomv><attrdomv><edom><edomv>Mississippi Sand Plain</edomv><edomvd>222Mc05</edomvd></edom></attrdomv><attrdomv><edom><edomv>Money Creek Hills</edomv><edomvd>222Lc09</edomvd></edom></attrdomv><attrdomv><edom><edomv>Moose-Willow Peatlands</edomv><edomvd>212Nd01</edomvd></edom></attrdomv><attrdomv><edom><edomv>Mora Sand Plain</edomv><edomvd>212Kb23</edomvd></edom></attrdomv><attrdomv><edom><edomv>Morris Moraine</edomv><edomvd>251Ba14</edomvd></edom></attrdomv><attrdomv><edom><edomv>Mosquito Creek Drumlin Plain</edomv><edomvd>212Nc06</edomvd></edom></attrdomv><attrdomv><edom><edomv>Mud Lake Plain</edomv><edomvd>223Na06</edomvd></edom></attrdomv><attrdomv><edom><edomv>Myrtle Lake Peatlands</edomv><edomvd>212Ma04</edomvd></edom></attrdomv><attrdomv><edom><edomv>Myrtle Lake Till Plain</edomv><edomvd>212La16</edomvd></edom></attrdomv><attrdomv><edom><edomv>Nary Till Plain</edomv><edomvd>212Na04</edomvd></edom></attrdomv><attrdomv><edom><edomv>Nashwauk Moraine</edomv><edomvd>212Lc20</edomvd></edom></attrdomv><attrdomv><edom><edomv>Naytahwaush Moraine</edomv><edomvd>212Nc34</edomvd></edom></attrdomv><attrdomv><edom><edomv>Nemadji Lake Plain</edomv><edomvd>212Ja10</edomvd></edom></attrdomv><attrdomv><edom><edomv>Net Lake Till Plain</edomv><edomvd>212Ma15</edomvd></edom></attrdomv><attrdomv><edom><edomv>New Folden Lake Plain</edomv><edomvd>223Na02</edomvd></edom></attrdomv><attrdomv><edom><edomv>Nickerson Moraine</edomv><edomvd>212Kb14</edomvd></edom></attrdomv><attrdomv><edom><edomv>Nimrod Drumlin Plain</edomv><edomvd>212Nc10</edomvd></edom></attrdomv><attrdomv><edom><edomv>Nokay Sand Plain</edomv><edomvd>212Kb10</edomvd></edom></attrdomv><attrdomv><edom><edomv>North Shore Till Plain</edomv><edomvd>212Lb02</edomvd></edom></attrdomv><attrdomv><edom><edomv>Northern Lights Lake Till Plain</edomv><edomvd>212La35</edomvd></edom></attrdomv><attrdomv><edom><edomv>Outing Moraine</edomv><edomvd>212Nc14</edomvd></edom></attrdomv><attrdomv><edom><edomv>Palisade Lake Plain</edomv><edomvd>212Nd08</edomvd></edom></attrdomv><attrdomv><edom><edomv>Park Rapids Sand Plain</edomv><edomvd>212Nc11</edomvd></edom></attrdomv><attrdomv><edom><edomv>Pemberton Moraine</edomv><edomvd>251Ba31</edomvd></edom></attrdomv><attrdomv><edom><edomv>Pengilly Till Plain</edomv><edomvd>212Lc21</edomvd></edom></attrdomv><attrdomv><edom><edomv>Perham Sand Plain</edomv><edomvd>222Ma12</edomvd></edom></attrdomv><attrdomv><edom><edomv>Phantom Lake Peatland</edomv><edomvd>212Le09</edomvd></edom></attrdomv><attrdomv><edom><edomv>Pierz Drumlin Plain</edomv><edomvd>212Kb22</edomvd></edom></attrdomv><attrdomv><edom><edomv>Pig's Eye Alluvial Plain</edomv><edomvd>222Md05</edomvd></edom></attrdomv><attrdomv><edom><edomv>Pike-Sandy River Sand Plain</edomv><edomvd>212Lc05</edomvd></edom></attrdomv><attrdomv><edom><edomv>Pillager Sand Plain</edomv><edomvd>212Nc04</edomvd></edom></attrdomv><attrdomv><edom><edomv>Pine Island Peatlands</edomv><edomvd>212Mb01</edomvd></edom></attrdomv><attrdomv><edom><edomv>Pine Lake Till Plain</edomv><edomvd>212Kb08</edomvd></edom></attrdomv><attrdomv><edom><edomv>Pine River Drumlin Plain</edomv><edomvd>212Nc03</edomvd></edom></attrdomv><attrdomv><edom><edomv>Pokegama Moraine</edomv><edomvd>212Nb05</edomvd></edom></attrdomv><attrdomv><edom><edomv>Polk Basalt Moraines</edomv><edomvd>212Jd05</edomvd></edom></attrdomv><attrdomv><edom><edomv>Ponemah Moriane</edomv><edomvd>212Mb20</edomvd></edom></attrdomv><attrdomv><edom><edomv>Poplar Lake Bedrock Complex</edomv><edomvd>212La22</edomvd></edom></attrdomv><attrdomv><edom><edomv>Porter Lake Plain</edomv><edomvd>251Ba11</edomvd></edom></attrdomv><attrdomv><edom><edomv>Prairie River Lake Plain</edomv><edomvd>212Nb06</edomvd></edom></attrdomv><attrdomv><edom><edomv>Randall Sand Plain</edomv><edomvd>222Ma06</edomvd></edom></attrdomv><attrdomv><edom><edomv>Rapid River Till Plain</edomv><edomvd>212Mb08</edomvd></edom></attrdomv><attrdomv><edom><edomv>Rauch Till Plain</edomv><edomvd>212Ma19</edomvd></edom></attrdomv><attrdomv><edom><edomv>Red Lake Peatlands</edomv><edomvd>212Mb05</edomvd></edom></attrdomv><attrdomv><edom><edomv>Red Lakes</edomv><edomvd>212Mb50</edomvd></edom></attrdomv><attrdomv><edom><edomv>Red River Alluvial Plain</edomv><edomvd>251Aa05</edomvd></edom></attrdomv><attrdomv><edom><edomv>Redby Lake Plain</edomv><edomvd>212Mb19</edomvd></edom></attrdomv><attrdomv><edom><edomv>Renville Till Plain</edomv><edomvd>251Ba07</edomvd></edom></attrdomv><attrdomv><edom><edomv>Rice Lake Moraine</edomv><edomvd>212Nb13</edomvd></edom></attrdomv><attrdomv><edom><edomv>Riverton Moraine</edomv><edomvd>212Kb27</edomvd></edom></attrdomv><attrdomv><edom><edomv>Root River Valley</edomv><edomvd>222Lc04</edomvd></edom></attrdomv><attrdomv><edom><edomv>Roscoe  Moraine</edomv><edomvd>222Ma17</edomvd></edom></attrdomv><attrdomv><edom><edomv>Rose Sand Plain</edomv><edomvd>222Ma10</edomvd></edom></attrdomv><attrdomv><edom><edomv>Roseau Lake Plain</edomv><edomvd>223Na14</edomvd></edom></attrdomv><attrdomv><edom><edomv>Roseau River Lake Plain</edomv><edomvd>223Na16</edomvd></edom></attrdomv><attrdomv><edom><edomv>Rosey Lake Plain</edomv><edomvd>212Na09</edomvd></edom></attrdomv><attrdomv><edom><edomv>Ross Peatlands</edomv><edomvd>223Na12</edomvd></edom></attrdomv><attrdomv><edom><edomv>Round Lake Sand Plain</edomv><edomvd>212Nc33</edomvd></edom></attrdomv><attrdomv><edom><edomv>Rove Slate Bedrock Complex</edomv><edomvd>212La14</edomvd></edom></attrdomv><attrdomv><edom><edomv>Rush City Moraine</edomv><edomvd>212Kb26</edomvd></edom></attrdomv><attrdomv><edom><edomv>Saganaga Lake Bedrock Complex</edomv><edomvd>212La21</edomvd></edom></attrdomv><attrdomv><edom><edomv>Sand Hill Lake Plain</edomv><edomvd>251Aa06</edomvd></edom></attrdomv><attrdomv><edom><edomv>Sandy Lake Moraine</edomv><edomvd>212Nb10</edomvd></edom></attrdomv><attrdomv><edom><edomv>Sawtooth Mountain Bedrock Complex</edomv><edomvd>212Lb11</edomvd></edom></attrdomv><attrdomv><edom><edomv>Scandia Valley Sand Plain</edomv><edomvd>212Nc05</edomvd></edom></attrdomv><attrdomv><edom><edomv>Seven Beavers Peatland</edomv><edomvd>212Le08</edomvd></edom></attrdomv><attrdomv><edom><edomv>Shell Lake Moraine</edomv><edomvd>212Nc28</edomvd></edom></attrdomv><attrdomv><edom><edomv>Slayton Moraine</edomv><edomvd>251Bb02</edomvd></edom></attrdomv><attrdomv><edom><edomv>Smith Road Till Plain</edomv><edomvd>212Ma14</edomvd></edom></attrdomv><attrdomv><edom><edomv>Solana Till Plain</edomv><edomvd>212Kb07</edomvd></edom></attrdomv><attrdomv><edom><edomv>South Rapids Lake Plain</edomv><edomvd>212Nd02</edomvd></edom></attrdomv><attrdomv><edom><edomv>Split Rock Till Plain</edomv><edomvd>212Lb01</edomvd></edom></attrdomv><attrdomv><edom><edomv>Spring Brook Till Plain</edomv><edomvd>212Nc13</edomvd></edom></attrdomv><attrdomv><edom><edomv>St. Croix Moraine</edomv><edomvd>212Nc02</edomvd></edom></attrdomv><attrdomv><edom><edomv>St. Croix Terraces</edomv><edomvd>212Kb18</edomvd></edom></attrdomv><attrdomv><edom><edomv>St. Rosa Till Plain</edomv><edomvd>222Ma03</edomvd></edom></attrdomv><attrdomv><edom><edomv>Stanchfield Lake Plain</edomv><edomvd>212Kb20</edomvd></edom></attrdomv><attrdomv><edom><edomv>Stewartville Plain</edomv><edomvd>222Lf03</edomvd></edom></attrdomv><attrdomv><edom><edomv>Stillwater Alluvial Plain</edomv><edomvd>222Md06</edomvd></edom></attrdomv><attrdomv><edom><edomv>Strandquist Lake Plain</edomv><edomvd>223Na03</edomvd></edom></attrdomv><attrdomv><edom><edomv>Sturgeon River Till Plain</edomv><edomvd>212Mb17</edomvd></edom></attrdomv><attrdomv><edom><edomv>Sugar Hills Moraine</edomv><edomvd>212Nb03</edomvd></edom></attrdomv><attrdomv><edom><edomv>Swamp River Till Plain</edomv><edomvd>212La11</edomvd></edom></attrdomv><attrdomv><edom><edomv>Swan Creek Sand Plain</edomv><edomvd>212Nc08</edomvd></edom></attrdomv><attrdomv><edom><edomv>Temperance River Till Plain</edomv><edomvd>212Le04</edomvd></edom></attrdomv><attrdomv><edom><edomv>Tettegouche Till Plain</edomv><edomvd>212Lb10</edomvd></edom></attrdomv><attrdomv><edom><edomv>Thief Lake Peatlands</edomv><edomvd>223Na19</edomvd></edom></attrdomv><attrdomv><edom><edomv>Thief River Falls Lake Plain</edomv><edomvd>223Na04</edomvd></edom></attrdomv><attrdomv><edom><edomv>Three Rivers Peatlands</edomv><edomvd>212Kb06</edomvd></edom></attrdomv><attrdomv><edom><edomv>Timber Freer Till Plain</edomv><edomvd>212Le03</edomvd></edom></attrdomv><attrdomv><edom><edomv>Toimi Drumlin Plain</edomv><edomvd>212Ld01</edomvd></edom></attrdomv><attrdomv><edom><edomv>Tracey Till Plain</edomv><edomvd>251Bb01</edomvd></edom></attrdomv><attrdomv><edom><edomv>Trosky Till Plain</edomv><edomvd>251Bc02</edomvd></edom></attrdomv><attrdomv><edom><edomv>Trout Lake Bedrock Complex</edomv><edomvd>212La15</edomvd></edom></attrdomv><attrdomv><edom><edomv>Two Inlets Moraine</edomv><edomvd>212Nc31</edomvd></edom></attrdomv><attrdomv><edom><edomv>Two Island Lake Moraine</edomv><edomvd>212La36</edomvd></edom></attrdomv><attrdomv><edom><edomv>Underwood Moraine</edomv><edomvd>222Ma15</edomvd></edom></attrdomv><attrdomv><edom><edomv>Urbank Moraine</edomv><edomvd>222Ma11</edomvd></edom></attrdomv><attrdomv><edom><edomv>Vawler Moraine</edomv><edomvd>222Ma04</edomvd></edom></attrdomv><attrdomv><edom><edomv>Vegetable Lakes Till Plain</edomv><edomvd>212La37</edomvd></edom></attrdomv><attrdomv><edom><edomv>Vermilion Bedrock Complex</edomv><edomvd>212La34</edomvd></edom></attrdomv><attrdomv><edom><edomv>Verndale Sand Plain</edomv><edomvd>212Nc07</edomvd></edom></attrdomv><attrdomv><edom><edomv>Vernon Center Moraine</edomv><edomvd>251Ba27</edomvd></edom></attrdomv><attrdomv><edom><edomv>Voyageurs Bedrock Complex</edomv><edomvd>212La09</edomvd></edom></attrdomv><attrdomv><edom><edomv>Wadena Drumlin Plain</edomv><edomvd>212Nc09</edomvd></edom></attrdomv><attrdomv><edom><edomv>Warba Lake Plain</edomv><edomvd>212Nd04</edomvd></edom></attrdomv><attrdomv><edom><edomv>Warren Lake Plain</edomv><edomvd>251Aa03</edomvd></edom></attrdomv><attrdomv><edom><edomv>Warroad Till Plain</edomv><edomvd>212Mb25</edomvd></edom></attrdomv><attrdomv><edom><edomv>Wescott Moraine</edomv><edomvd>222Md01</edomvd></edom></attrdomv><attrdomv><edom><edomv>Whalsten Till Plain</edomv><edomvd>212Lc06</edomvd></edom></attrdomv><attrdomv><edom><edomv>White Earth Moraine</edomv><edomvd>222Ma16</edomvd></edom></attrdomv><attrdomv><edom><edomv>White Iron Lake Bedrock Complex</edomv><edomvd>212La24</edomvd></edom></attrdomv><attrdomv><edom><edomv>Whitewater River Valley</edomv><edomvd>222Lc05</edomvd></edom></attrdomv><attrdomv><edom><edomv>Williams-Skime Lake Plain</edomv><edomvd>212Mb09</edomvd></edom></attrdomv><attrdomv><edom><edomv>Willow River Sand Plain</edomv><edomvd>212Kb13</edomvd></edom></attrdomv><attrdomv><edom><edomv>Windom Moraine</edomv><edomvd>251Bb05</edomvd></edom></attrdomv><attrdomv><edom><edomv>Woodstock Till Plain</edomv><edomvd>251Bc01</edomvd></edom></attrdomv><attrdomv><edom><edomv>Wright Till Plain</edomv><edomvd>212Nb11</edomvd></edom></attrdomv><attrdomv><edom><edomv>Zumbro River Valley</edomv><edomvd>222Lc06</edomvd></edom></attrdomv></attr><attr><attrlabl>ECS_LTA</attrlabl><attrdef>National Hierarchical Framework of Ecological Units identifier</attrdef><attrdomv><edom><edomv>212Ja01</edomv><edomvd>Douglas Lake-Modified Till Plain</edomvd></edom></attrdomv><attrdomv><edom><edomv>212Ja09</edomv><edomvd>Duesler Lake Plain</edomvd></edom></attrdomv><attrdomv><edom><edomv>212Ja10</edomv><edomvd>Nemadji Lake Plain</edomvd></edom></attrdomv><attrdomv><edom><edomv>212Jd05</edomv><edomvd>Polk Basalt Moraines</edomvd></edom></attrdomv><attrdomv><edom><edomv>212Jd06</edomv><edomvd>Frederic Knolls</edomvd></edom></attrdomv><attrdomv><edom><edomv>212Kb01</edomv><edomvd>Bruno Moraine</edomvd></edom></attrdomv><attrdomv><edom><edomv>212Kb02</edomv><edomvd>Duxbury Moraine</edomvd></edom></attrdomv><attrdomv><edom><edomv>212Kb03</edomv><edomvd>Malmo Peatlands</edomvd></edom></attrdomv><attrdomv><edom><edomv>212Kb04</edomv><edomvd>Kathio Moraine</edomvd></edom></attrdomv><attrdomv><edom><edomv>212Kb05</edomv><edomvd>Eastside Till Plain</edomvd></edom></attrdomv><attrdomv><edom><edomv>212Kb06</edomv><edomvd>Three Rivers Peatlands</edomvd></edom></attrdomv><attrdomv><edom><edomv>212Kb07</edomv><edomvd>Solana Till Plain</edomvd></edom></attrdomv><attrdomv><edom><edomv>212Kb08</edomv><edomvd>Pine Lake Till Plain</edomvd></edom></attrdomv><attrdomv><edom><edomv>212Kb09</edomv><edomvd>Ann Lake Drumlin Plain</edomvd></edom></attrdomv><attrdomv><edom><edomv>212Kb10</edomv><edomvd>Nokay Sand Plain</edomvd></edom></attrdomv><attrdomv><edom><edomv>212Kb11</edomv><edomvd>Brainerd Drumlin Plain</edomvd></edom></attrdomv><attrdomv><edom><edomv>212Kb12</edomv><edomvd>Kettle River Drumlin Plain</edomvd></edom></attrdomv><attrdomv><edom><edomv>212Kb13</edomv><edomvd>Willow River Sand Plain</edomvd></edom></attrdomv><attrdomv><edom><edomv>212Kb14</edomv><edomvd>Nickerson Moraine</edomvd></edom></attrdomv><attrdomv><edom><edomv>212Kb15</edomv><edomvd>Finlayson Till Plain</edomvd></edom></attrdomv><attrdomv><edom><edomv>212Kb16</edomv><edomvd>Mille Lacs Lake</edomvd></edom></attrdomv><attrdomv><edom><edomv>212Kb18</edomv><edomvd>St. Croix Terraces</edomvd></edom></attrdomv><attrdomv><edom><edomv>212Kb19</edomv><edomvd>Cloverdale Sand Plain</edomvd></edom></attrdomv><attrdomv><edom><edomv>212Kb20</edomv><edomvd>Stanchfield Lake Plain</edomvd></edom></attrdomv><attrdomv><edom><edomv>212Kb21</edomv><edomvd>Elm Park Till Plain</edomvd></edom></attrdomv><attrdomv><edom><edomv>212Kb22</edomv><edomvd>Pierz Drumlin Plain</edomvd></edom></attrdomv><attrdomv><edom><edomv>212Kb23</edomv><edomvd>Mora Sand Plain</edomvd></edom></attrdomv><attrdomv><edom><edomv>212Kb24</edomv><edomvd>Milaca Till Plain</edomvd></edom></attrdomv><attrdomv><edom><edomv>212Kb25</edomv><edomvd>Brooke Park Till Plain</edomvd></edom></attrdomv><attrdomv><edom><edomv>212Kb26</edomv><edomvd>Rush City Moraine</edomvd></edom></attrdomv><attrdomv><edom><edomv>212Kb27</edomv><edomvd>Riverton Moraine</edomvd></edom></attrdomv><attrdomv><edom><edomv>212Kb28</edomv><edomvd>Mille Lacs Moraine</edomvd></edom></attrdomv><attrdomv><edom><edomv>212Kb31</edomv><edomvd>Chisago Moraine</edomvd></edom></attrdomv><attrdomv><edom><edomv>212Kb32</edomv><edomvd>Almelund Moraine</edomvd></edom></attrdomv><attrdomv><edom><edomv>212La07</edomv><edomvd>Johnson Lake Bedrock Complex</edomvd></edom></attrdomv><attrdomv><edom><edomv>212La08</edomv><edomvd>Lac LaCroix Bedrock Complex</edomvd></edom></attrdomv><attrdomv><edom><edomv>212La09</edomv><edomvd>Voyageurs Bedrock Complex</edomvd></edom></attrdomv><attrdomv><edom><edomv>212La11</edomv><edomvd>Swamp River Till Plain</edomvd></edom></attrdomv><attrdomv><edom><edomv>212La13</edomv><edomvd>Gabbro Lake Bedrock Compl</edomvd></edom></attrdomv><attrdomv><edom><edomv>212La14</edomv><edomvd>Rove Slate Bedrock Complex</edomvd></edom></attrdomv><attrdomv><edom><edomv>212La15</edomv><edomvd>Trout Lake Bedrock Complex</edomvd></edom></attrdomv><attrdomv><edom><edomv>212La16</edomv><edomvd>Myrtle Lake Till Plain</edomvd></edom></attrdomv><attrdomv><edom><edomv>212La17</edomv><edomvd>Ash Lake Till Plain</edomvd></edom></attrdomv><attrdomv><edom><edomv>212La21</edomv><edomvd>Saganaga Lake Bedrock Complex</edomvd></edom></attrdomv><attrdomv><edom><edomv>212La22</edomv><edomvd>Poplar Lake Bedrock Complex</edomvd></edom></attrdomv><attrdomv><edom><edomv>212La23</edomv><edomvd>Ely-Knife Lake Bedrock Complex</edomvd></edom></attrdomv><attrdomv><edom><edomv>212La24</edomv><edomvd>White Iron Lake Bedrock Complex</edomvd></edom></attrdomv><attrdomv><edom><edomv>212La34</edomv><edomvd>Vermilion Bedrock Complex</edomvd></edom></attrdomv><attrdomv><edom><edomv>212La35</edomv><edomvd>Northern Lights Lake Till Plain</edomvd></edom></attrdomv><attrdomv><edom><edomv>212La36</edomv><edomvd>Two Island Lake Moraine</edomvd></edom></attrdomv><attrdomv><edom><edomv>212La37</edomv><edomvd>Vegetable Lakes Till Plain</edomvd></edom></attrdomv><attrdomv><edom><edomv>212Lb01</edomv><edomvd>Split Rock Till Plain</edomvd></edom></attrdomv><attrdomv><edom><edomv>212Lb02</edomv><edomvd>North Shore Till Plain</edomvd></edom></attrdomv><attrdomv><edom><edomv>212Lb03</edomv><edomvd>Highland Moriane</edomvd></edom></attrdomv><attrdomv><edom><edomv>212Lb04</edomv><edomvd>Cloquet Sand Plain</edomvd></edom></attrdomv><attrdomv><edom><edomv>212Lb05</edomv><edomvd>Cabin Lake Till Plain</edomvd></edom></attrdomv><attrdomv><edom><edomv>212Lb08</edomv><edomvd>Honeymoon Mountain Till Plain</edomvd></edom></attrdomv><attrdomv><edom><edomv>212Lb10</edomv><edomvd>Tettegouche Till Plain</edomvd></edom></attrdomv><attrdomv><edom><edomv>212Lb11</edomv><edomvd>Sawtooth Mountain Bedrock Complex</edomvd></edom></attrdomv><attrdomv><edom><edomv>212Lb20</edomv><edomvd>Brookston Moraine</edomvd></edom></attrdomv><attrdomv><edom><edomv>212Lb21</edomv><edomvd>Brimson Sand Plain</edomvd></edom></attrdomv><attrdomv><edom><edomv>212Lc05</edomv><edomvd>Pike-Sandy River Sand Plain</edomvd></edom></attrdomv><attrdomv><edom><edomv>212Lc06</edomv><edomvd>Whalsten Till Plain</edomvd></edom></attrdomv><attrdomv><edom><edomv>212Lc07</edomv><edomvd>Big Rice Moraine</edomvd></edom></attrdomv><attrdomv><edom><edomv>212Lc10</edomv><edomvd>Mesabi Range</edomvd></edom></attrdomv><attrdomv><edom><edomv>212Lc20</edomv><edomvd>Nashwauk Moraine</edomvd></edom></attrdomv><attrdomv><edom><edomv>212Lc21</edomv><edomvd>Pengilly Till Plain</edomvd></edom></attrdomv><attrdomv><edom><edomv>212Ld01</edomv><edomvd>Toimi Drumlin Plain</edomvd></edom></attrdomv><attrdomv><edom><edomv>212Le01</edomv><edomvd>Isabella Moraine</edomvd></edom></attrdomv><attrdomv><edom><edomv>212Le02</edomv><edomvd>Kelly-Sawbill Landing Tilll Plain</edomvd></edom></attrdomv><attrdomv><edom><edomv>212Le03</edomv><edomvd>Timber Freer Till Plain</edomvd></edom></attrdomv><attrdomv><edom><edomv>212Le04</edomv><edomvd>Temperance River Till Plain</edomvd></edom></attrdomv><attrdomv><edom><edomv>212Le08</edomv><edomvd>Seven Beavers Peatland</edomvd></edom></attrdomv><attrdomv><edom><edomv>212Le09</edomv><edomvd>Phantom Lake Peatland</edomvd></edom></attrdomv><attrdomv><edom><edomv>212Le10</edomv><edomvd>Greenwood Lake Till Plain</edomvd></edom></attrdomv><attrdomv><edom><edomv>212Le11</edomv><edomvd>Big-Bird Lake Moraine</edomvd></edom></attrdomv><attrdomv><edom><edomv>212Ma01</edomv><edomvd>Koochiching Peatlands</edomvd></edom></attrdomv><attrdomv><edom><edomv>212Ma02</edomv><edomvd>Ericsburg Till Plain</edomvd></edom></attrdomv><attrdomv><edom><edomv>212Ma03</edomv><edomvd>Little-Big Fork Till Plain</edomvd></edom></attrdomv><attrdomv><edom><edomv>212Ma04</edomv><edomvd>Myrtle Lake Peatlands</edomvd></edom></attrdomv><attrdomv><edom><edomv>212Ma10</edomv><edomvd>Lofgren Moraine</edomvd></edom></attrdomv><attrdomv><edom><edomv>212Ma13</edomv><edomvd>Haney Till Plain</edomvd></edom></attrdomv><attrdomv><edom><edomv>212Ma14</edomv><edomvd>Smith Road Till Plain</edomvd></edom></attrdomv><attrdomv><edom><edomv>212Ma15</edomv><edomvd>Net Lake Till Plain</edomvd></edom></attrdomv><attrdomv><edom><edomv>212Ma16</edomv><edomvd>Koochiching Beach Ridges</edomvd></edom></attrdomv><attrdomv><edom><edomv>212Ma18</edomv><edomvd>Effie Till Plain</edomvd></edom></attrdomv><attrdomv><edom><edomv>212Ma19</edomv><edomvd>Rauch Till Plain</edomvd></edom></attrdomv><attrdomv><edom><edomv>212Ma21</edomv><edomvd>Cook Till Plain</edomvd></edom></attrdomv><attrdomv><edom><edomv>212Mb01</edomv><edomvd>Pine Island Peatlands</edomvd></edom></attrdomv><attrdomv><edom><edomv>212Mb04</edomv><edomvd>Beltrami-Pine Island Peatlands</edomvd></edom></attrdomv><attrdomv><edom><edomv>212Mb05</edomv><edomvd>Red Lake Peatlands</edomvd></edom></attrdomv><attrdomv><edom><edomv>212Mb07</edomv><edomvd>Baudette Lake Plain</edomvd></edom></attrdomv><attrdomv><edom><edomv>212Mb08</edomv><edomvd>Rapid River Till Plain</edomvd></edom></attrdomv><attrdomv><edom><edomv>212Mb09</edomv><edomvd>Williams-Skime Lake Plain</edomvd></edom></attrdomv><attrdomv><edom><edomv>212Mb11</edomv><edomvd>Indus Lake Plain</edomvd></edom></attrdomv><attrdomv><edom><edomv>212Mb16</edomv><edomvd>Beltrami-Pine Island Beach Ridges</edomvd></edom></attrdomv><attrdomv><edom><edomv>212Mb17</edomv><edomvd>Sturgeon River Till Plain</edomvd></edom></attrdomv><attrdomv><edom><edomv>212Mb19</edomv><edomvd>Redby Lake Plain</edomvd></edom></attrdomv><attrdomv><edom><edomv>212Mb20</edomv><edomvd>Ponemah Moriane</edomvd></edom></attrdomv><attrdomv><edom><edomv>212Mb24</edomv><edomvd>Lude Beaches and Peatlands</edomvd></edom></attrdomv><attrdomv><edom><edomv>212Mb25</edomv><edomvd>Warroad Till Plain</edomvd></edom></attrdomv><attrdomv><edom><edomv>212Mb26</edomv><edomvd>Jelle Peatlands</edomvd></edom></attrdomv><attrdomv><edom><edomv>212Mb30</edomv><edomvd>Lake of the Woods</edomvd></edom></attrdomv><attrdomv><edom><edomv>212Mb50</edomv><edomvd>Red Lakes</edomvd></edom></attrdomv><attrdomv><edom><edomv>212Na02</edomv><edomvd>Lake Winnibigoshish</edomvd></edom></attrdomv><attrdomv><edom><edomv>212Na03</edomv><edomvd>Guthrie Till Plain</edomvd></edom></attrdomv><attrdomv><edom><edomv>212Na04</edomv><edomvd>Nary Till Plain</edomvd></edom></attrdomv><attrdomv><edom><edomv>212Na07</edomv><edomvd>Bemidji Sand Plain</edomvd></edom></attrdomv><attrdomv><edom><edomv>212Na08</edomv><edomvd>Bena Dunes and Peatlands</edomvd></edom></attrdomv><attrdomv><edom><edomv>212Na09</edomv><edomvd>Rosey Lake Plain</edomvd></edom></attrdomv><attrdomv><edom><edomv>212Na10</edomv><edomvd>Deer River Peatlands</edomvd></edom></attrdomv><attrdomv><edom><edomv>212Na11</edomv><edomvd>Bowstring Till Plain</edomvd></edom></attrdomv><attrdomv><edom><edomv>212Na16</edomv><edomvd>Blackduck Till Plain</edomvd></edom></attrdomv><attrdomv><edom><edomv>212Na18</edomv><edomvd>Blackduck Moraine</edomvd></edom></attrdomv><attrdomv><edom><edomv>212Na19</edomv><edomvd>Debs Till Plain</edomvd></edom></attrdomv><attrdomv><edom><edomv>212Na21</edomv><edomvd>Alida Till Plain</edomvd></edom></attrdomv><attrdomv><edom><edomv>212Na22</edomv><edomvd>Becida Till Plain</edomvd></edom></attrdomv><attrdomv><edom><edomv>212Nb02</edomv><edomvd>Aitkin Moraine</edomvd></edom></attrdomv><attrdomv><edom><edomv>212Nb03</edomv><edomvd>Sugar Hills Moraine</edomvd></edom></attrdomv><attrdomv><edom><edomv>212Nb05</edomv><edomvd>Pokegama Moraine</edomvd></edom></attrdomv><attrdomv><edom><edomv>212Nb06</edomv><edomvd>Prairie River Lake Plain</edomvd></edom></attrdomv><attrdomv><edom><edomv>212Nb07</edomv><edomvd>Marcell Moraine</edomvd></edom></attrdomv><attrdomv><edom><edomv>212Nb08</edomv><edomvd>Coon Lake Till Plain</edomvd></edom></attrdomv><attrdomv><edom><edomv>212Nb09</edomv><edomvd>Goodland Delta</edomvd></edom></attrdomv><attrdomv><edom><edomv>212Nb10</edomv><edomvd>Sandy Lake Moraine</edomvd></edom></attrdomv><attrdomv><edom><edomv>212Nb11</edomv><edomvd>Wright Till Plain</edomvd></edom></attrdomv><attrdomv><edom><edomv>212Nb12</edomv><edomvd>Hill City Till Plain</edomvd></edom></attrdomv><attrdomv><edom><edomv>212Nb13</edomv><edomvd>Rice Lake Moraine</edomvd></edom></attrdomv><attrdomv><edom><edomv>212Nb15</edomv><edomvd>Buhl Till Plain</edomvd></edom></attrdomv><attrdomv><edom><edomv>212Nb19</edomv><edomvd>Automba Drumlin Plain</edomvd></edom></attrdomv><attrdomv><edom><edomv>212Nc01</edomv><edomvd>Crow Wing Sand Plain</edomvd></edom></attrdomv><attrdomv><edom><edomv>212Nc02</edomv><edomvd>St. Croix Moraine</edomvd></edom></attrdomv><attrdomv><edom><edomv>212Nc03</edomv><edomvd>Pine River Drumlin Plain</edomvd></edom></attrdomv><attrdomv><edom><edomv>212Nc04</edomv><edomvd>Pillager Sand Plain</edomvd></edom></attrdomv><attrdomv><edom><edomv>212Nc05</edomv><edomvd>Scandia Valley Sand Plain</edomvd></edom></attrdomv><attrdomv><edom><edomv>212Nc06</edomv><edomvd>Mosquito Creek Drumlin Plain</edomvd></edom></attrdomv><attrdomv><edom><edomv>212Nc07</edomv><edomvd>Verndale Sand Plain</edomvd></edom></attrdomv><attrdomv><edom><edomv>212Nc08</edomv><edomvd>Swan Creek Sand Plain</edomvd></edom></attrdomv><attrdomv><edom><edomv>212Nc09</edomv><edomvd>Wadena Drumlin Plain</edomvd></edom></attrdomv><attrdomv><edom><edomv>212Nc10</edomv><edomvd>Nimrod Drumlin Plain</edomvd></edom></attrdomv><attrdomv><edom><edomv>212Nc11</edomv><edomvd>Park Rapids Sand Plain</edomvd></edom></attrdomv><attrdomv><edom><edomv>212Nc12</edomv><edomvd>Mildred Sand Plain</edomvd></edom></attrdomv><attrdomv><edom><edomv>212Nc13</edomv><edomvd>Spring Brook Till Plain</edomvd></edom></attrdomv><attrdomv><edom><edomv>212Nc14</edomv><edomvd>Outing Moraine</edomvd></edom></attrdomv><attrdomv><edom><edomv>212Nc15</edomv><edomvd>Leech Lake</edomvd></edom></attrdomv><attrdomv><edom><edomv>212Nc16</edomv><edomvd>Itasca Moraine</edomvd></edom></attrdomv><attrdomv><edom><edomv>212Nc28</edomv><edomvd>Shell Lake Moraine</edomvd></edom></attrdomv><attrdomv><edom><edomv>212Nc29</edomv><edomvd>Henning Till Plain</edomvd></edom></attrdomv><attrdomv><edom><edomv>212Nc30</edomv><edomvd>Itasca Moraine, Steep</edomvd></edom></attrdomv><attrdomv><edom><edomv>212Nc31</edomv><edomvd>Two Inlets Moraine</edomvd></edom></attrdomv><attrdomv><edom><edomv>212Nc32</edomv><edomvd>Bass Lake Moraine</edomvd></edom></attrdomv><attrdomv><edom><edomv>212Nc33</edomv><edomvd>Round Lake Sand Plain</edomvd></edom></attrdomv><attrdomv><edom><edomv>212Nc34</edomv><edomvd>Naytahwaush Moraine</edomvd></edom></attrdomv><attrdomv><edom><edomv>212Nd01</edomv><edomvd>Moose-Willow Peatlands</edomvd></edom></attrdomv><attrdomv><edom><edomv>212Nd02</edomv><edomvd>South Rapids Lake Plain</edomvd></edom></attrdomv><attrdomv><edom><edomv>212Nd03</edomv><edomvd>Floodwood Peatlands</edomvd></edom></attrdomv><attrdomv><edom><edomv>212Nd04</edomv><edomvd>Warba Lake Plain</edomvd></edom></attrdomv><attrdomv><edom><edomv>212Nd05</edomv><edomvd>Aurora Till Plain</edomvd></edom></attrdomv><attrdomv><edom><edomv>212Nd06</edomv><edomvd>Esquagama Sand Plain</edomvd></edom></attrdomv><attrdomv><edom><edomv>212Nd08</edomv><edomvd>Palisade Lake Plain</edomvd></edom></attrdomv><attrdomv><edom><edomv>222Lc01</edomv><edomvd>Alluvial Plain</edomvd></edom></attrdomv><attrdomv><edom><edomv>222Lc02</edomv><edomvd>Brownsville Slopes</edomvd></edom></attrdomv><attrdomv><edom><edomv>222Lc03</edomv><edomvd>Caledonia Ridgetops</edomvd></edom></attrdomv><attrdomv><edom><edomv>222Lc04</edomv><edomvd>Root River Valley</edomvd></edom></attrdomv><attrdomv><edom><edomv>222Lc05</edomv><edomvd>Whitewater River Valley</edomvd></edom></attrdomv><attrdomv><edom><edomv>222Lc06</edomv><edomvd>Zumbro River Valley</edomvd></edom></attrdomv><attrdomv><edom><edomv>222Lc07</edomv><edomvd>Cannon River Valley</edomvd></edom></attrdomv><attrdomv><edom><edomv>222Lc08</edomv><edomvd>Mississippi River Valley</edomvd></edom></attrdomv><attrdomv><edom><edomv>222Lc09</edomv><edomvd>Money Creek Hills</edomvd></edom></attrdomv><attrdomv><edom><edomv>222Lc10</edomv><edomvd>Altura Ridgetops</edomvd></edom></attrdomv><attrdomv><edom><edomv>222Lc11</edomv><edomvd>Elba Slopes</edomvd></edom></attrdomv><attrdomv><edom><edomv>222Lf01</edomv><edomvd>Chester Ridge</edomvd></edom></attrdomv><attrdomv><edom><edomv>222Lf02</edomv><edomvd>Lewiston Plain</edomvd></edom></attrdomv><attrdomv><edom><edomv>222Lf03</edomv><edomvd>Stewartville Plain</edomvd></edom></attrdomv><attrdomv><edom><edomv>222Lf04</edomv><edomvd>Goodhue Plain</edomvd></edom></attrdomv><attrdomv><edom><edomv>222Lf05</edomv><edomvd>HamptonTill Plain</edomvd></edom></attrdomv><attrdomv><edom><edomv>222Ma01</edomv><edomvd>Holdingford Till Plain</edomvd></edom></attrdomv><attrdomv><edom><edomv>222Ma02</edomv><edomvd>Flensburg Sand Plain</edomvd></edom></attrdomv><attrdomv><edom><edomv>222Ma03</edomv><edomvd>St. Rosa Till Plain</edomvd></edom></attrdomv><attrdomv><edom><edomv>222Ma04</edomv><edomvd>Vawler Moraine</edomvd></edom></attrdomv><attrdomv><edom><edomv>222Ma05</edomv><edomvd>Burtrum Moraine</edomvd></edom></attrdomv><attrdomv><edom><edomv>222Ma06</edomv><edomvd>Randall Sand Plain</edomvd></edom></attrdomv><attrdomv><edom><edomv>222Ma07</edomv><edomvd>Long Prairie Sand Plain</edomvd></edom></attrdomv><attrdomv><edom><edomv>222Ma08</edomv><edomvd>Clarissa Drumlin Plain</edomvd></edom></attrdomv><attrdomv><edom><edomv>222Ma09</edomv><edomvd>Luxemburg Sand Plain</edomvd></edom></attrdomv><attrdomv><edom><edomv>222Ma10</edomv><edomvd>Rose Sand Plain</edomvd></edom></attrdomv><attrdomv><edom><edomv>222Ma11</edomv><edomvd>Urbank Moraine</edomvd></edom></attrdomv><attrdomv><edom><edomv>222Ma12</edomv><edomvd>Perham Sand Plain</edomvd></edom></attrdomv><attrdomv><edom><edomv>222Ma13</edomv><edomvd>Detroit Lakes Sand Plain</edomvd></edom></attrdomv><attrdomv><edom><edomv>222Ma14</edomv><edomvd>Alexandria Moraine</edomvd></edom></attrdomv><attrdomv><edom><edomv>222Ma15</edomv><edomvd>Underwood Moraine</edomvd></edom></attrdomv><attrdomv><edom><edomv>222Ma16</edomv><edomvd>White Earth Moraine</edomvd></edom></attrdomv><attrdomv><edom><edomv>222Ma17</edomv><edomvd>Roscoe  Moraine</edomvd></edom></attrdomv><attrdomv><edom><edomv>222Ma18</edomv><edomvd>McIntosh Moraine</edomvd></edom></attrdomv><attrdomv><edom><edomv>222Ma19</edomv><edomvd>Lengby Till Plain</edomvd></edom></attrdomv><attrdomv><edom><edomv>222Ma20</edomv><edomvd>Erskine Till Plain</edomvd></edom></attrdomv><attrdomv><edom><edomv>222Ma21</edomv><edomvd>Cormorant Sand Plain</edomvd></edom></attrdomv><attrdomv><edom><edomv>222Ma22</edomv><edomvd>Clearbrook Till Plain</edomvd></edom></attrdomv><attrdomv><edom><edomv>222Mb01</edomv><edomvd>Cordova Moraine</edomvd></edom></attrdomv><attrdomv><edom><edomv>222Mb02</edomv><edomvd>Hamburg Moraine</edomvd></edom></attrdomv><attrdomv><edom><edomv>222Mb03</edomv><edomvd>Maple Plain Moraine</edomvd></edom></attrdomv><attrdomv><edom><edomv>222Mb04</edomv><edomvd>Hopkins Moraine</edomvd></edom></attrdomv><attrdomv><edom><edomv>222Mb05</edomv><edomvd>Le Sueur  Alluvial Plain</edomvd></edom></attrdomv><attrdomv><edom><edomv>222Mb06</edomv><edomvd>Elko Moriane</edomvd></edom></attrdomv><attrdomv><edom><edomv>222Mb07</edomv><edomvd>Komensky Moraine</edomvd></edom></attrdomv><attrdomv><edom><edomv>222Mc01</edomv><edomvd>Anoka Lake Plain</edomvd></edom></attrdomv><attrdomv><edom><edomv>222Mc02</edomv><edomvd>Burns Till Plain</edomvd></edom></attrdomv><attrdomv><edom><edomv>222Mc03</edomv><edomvd>Elk River Moraine</edomvd></edom></attrdomv><attrdomv><edom><edomv>222Mc04</edomv><edomvd>Agram Sand Plain</edomvd></edom></attrdomv><attrdomv><edom><edomv>222Mc05</edomv><edomvd>Mississippi Sand Plain</edomvd></edom></attrdomv><attrdomv><edom><edomv>222Md01</edomv><edomvd>Wescott Moraine</edomvd></edom></attrdomv><attrdomv><edom><edomv>222Md02</edomv><edomvd>Afton Bedrock Hills</edomvd></edom></attrdomv><attrdomv><edom><edomv>222Md03</edomv><edomvd>Maplewood Moraine</edomvd></edom></attrdomv><attrdomv><edom><edomv>222Md04</edomv><edomvd>Forest Lake Moraine</edomvd></edom></attrdomv><attrdomv><edom><edomv>222Md05</edomv><edomvd>Pig's Eye Alluvial Plain</edomvd></edom></attrdomv><attrdomv><edom><edomv>222Md06</edomv><edomvd>Stillwater Alluvial Plain</edomvd></edom></attrdomv><attrdomv><edom><edomv>222Me01</edomv><edomvd>Lemond Moraine</edomvd></edom></attrdomv><attrdomv><edom><edomv>222Me02</edomv><edomvd>Lerdal Moriane</edomvd></edom></attrdomv><attrdomv><edom><edomv>222Me03</edomv><edomvd>Litomysl Moraine</edomvd></edom></attrdomv><attrdomv><edom><edomv>222Me04</edomv><edomvd>Blooming Prairie Till Plain</edomvd></edom></attrdomv><attrdomv><edom><edomv>222Me05</edomv><edomvd>Havanna Moraine</edomvd></edom></attrdomv><attrdomv><edom><edomv>222Me06</edomv><edomvd>Iosco Moraine</edomvd></edom></attrdomv><attrdomv><edom><edomv>222Me07</edomv><edomvd>Le Roy Till Plain</edomvd></edom></attrdomv><attrdomv><edom><edomv>222Me08</edomv><edomvd>Hayfield Till Plain</edomvd></edom></attrdomv><attrdomv><edom><edomv>222Me09</edomv><edomvd>Coates Sand Plain</edomvd></edom></attrdomv><attrdomv><edom><edomv>223Na01</edomv><edomvd>Beach Ridges</edomvd></edom></attrdomv><attrdomv><edom><edomv>223Na02</edomv><edomvd>New Folden Lake Plain</edomvd></edom></attrdomv><attrdomv><edom><edomv>223Na03</edomv><edomvd>Strandquist Lake Plain</edomvd></edom></attrdomv><attrdomv><edom><edomv>223Na04</edomv><edomvd>Thief River Falls Lake Plain</edomvd></edom></attrdomv><attrdomv><edom><edomv>223Na05</edomv><edomvd>Goodridge Lake Plain</edomvd></edom></attrdomv><attrdomv><edom><edomv>223Na06</edomv><edomvd>Mud Lake Plain</edomvd></edom></attrdomv><attrdomv><edom><edomv>223Na07</edomv><edomvd>Blooming Valley  Lake Plain</edomvd></edom></attrdomv><attrdomv><edom><edomv>223Na08</edomv><edomvd>Bronson Lake Plain</edomvd></edom></attrdomv><attrdomv><edom><edomv>223Na09</edomv><edomvd>Landcaster Lake Plain</edomvd></edom></attrdomv><attrdomv><edom><edomv>223Na10</edomv><edomvd>Berner Lake Plain</edomvd></edom></attrdomv><attrdomv><edom><edomv>223Na11</edomv><edomvd>Fourtown Peatlands</edomvd></edom></attrdomv><attrdomv><edom><edomv>223Na12</edomv><edomvd>Ross Peatlands</edomvd></edom></attrdomv><attrdomv><edom><edomv>223Na13</edomv><edomvd>Malcolm Lake Plain</edomvd></edom></attrdomv><attrdomv><edom><edomv>223Na14</edomv><edomvd>Roseau Lake Plain</edomvd></edom></attrdomv><attrdomv><edom><edomv>223Na15</edomv><edomvd>Gentilly Lake Plain</edomvd></edom></attrdomv><attrdomv><edom><edomv>223Na16</edomv><edomvd>Roseau River Lake Plain</edomvd></edom></attrdomv><attrdomv><edom><edomv>223Na17</edomv><edomvd>Brooks Lake Plain</edomvd></edom></attrdomv><attrdomv><edom><edomv>223Na18</edomv><edomvd>Dohrman Ridge</edomvd></edom></attrdomv><attrdomv><edom><edomv>223Na19</edomv><edomvd>Thief Lake Peatlands</edomvd></edom></attrdomv><attrdomv><edom><edomv>223Na25</edomv><edomvd>Duxby Lake Plain</edomvd></edom></attrdomv><attrdomv><edom><edomv>251Aa01</edomv><edomvd>Hallock Lake Plain</edomvd></edom></attrdomv><attrdomv><edom><edomv>251Aa02</edomv><edomvd>Anthony Lake Plain</edomvd></edom></attrdomv><attrdomv><edom><edomv>251Aa03</edomv><edomvd>Warren Lake Plain</edomvd></edom></attrdomv><attrdomv><edom><edomv>251Aa04</edomv><edomvd>Felton Lake Plain</edomvd></edom></attrdomv><attrdomv><edom><edomv>251Aa05</edomv><edomvd>Red River Alluvial Plain</edomvd></edom></attrdomv><attrdomv><edom><edomv>251Aa06</edomv><edomvd>Sand Hill Lake Plain</edomvd></edom></attrdomv><attrdomv><edom><edomv>251Aa07</edomv><edomvd>Greenview Lake Plain</edomvd></edom></attrdomv><attrdomv><edom><edomv>251Aa09</edomv><edomvd>Barnesville Beach Complex</edomvd></edom></attrdomv><attrdomv><edom><edomv>251Aa12</edomv><edomvd>Flom Till Plain</edomvd></edom></attrdomv><attrdomv><edom><edomv>251Aa13</edomv><edomvd>Campbell Lake Plain</edomvd></edom></attrdomv><attrdomv><edom><edomv>251Aa14</edomv><edomvd>Fergus Falls Till Plain</edomvd></edom></attrdomv><attrdomv><edom><edomv>251Aa18</edomv><edomvd>Audubon Moraine</edomvd></edom></attrdomv><attrdomv><edom><edomv>251Ba01</edomv><edomvd>Clinton Moraine</edomvd></edom></attrdomv><attrdomv><edom><edomv>251Ba03</edomv><edomvd>Clontarf Lake Plain</edomvd></edom></attrdomv><attrdomv><edom><edomv>251Ba04</edomv><edomvd>Artichoke Moraine</edomvd></edom></attrdomv><attrdomv><edom><edomv>251Ba05</edomv><edomvd>Milan Alluvial Plain</edomvd></edom></attrdomv><attrdomv><edom><edomv>251Ba06</edomv><edomvd>Havelock Lake Plain</edomvd></edom></attrdomv><attrdomv><edom><edomv>251Ba07</edomv><edomvd>Renville Till Plain</edomvd></edom></attrdomv><attrdomv><edom><edomv>251Ba08</edomv><edomvd>Bunde Till Plain</edomvd></edom></attrdomv><attrdomv><edom><edomv>251Ba09</edomv><edomvd>Gilchrist Moraine</edomvd></edom></attrdomv><attrdomv><edom><edomv>251Ba10</edomv><edomvd>Horton Till Plain</edomvd></edom></attrdomv><attrdomv><edom><edomv>251Ba11</edomv><edomvd>Porter Lake Plain</edomvd></edom></attrdomv><attrdomv><edom><edomv>251Ba14</edomv><edomvd>Morris Moraine</edomvd></edom></attrdomv><attrdomv><edom><edomv>251Ba15</edomv><edomvd>Johnson Till Plain</edomvd></edom></attrdomv><attrdomv><edom><edomv>251Ba18</edomv><edomvd>Darfur Bedrock Hills</edomvd></edom></attrdomv><attrdomv><edom><edomv>251Ba20</edomv><edomvd>Gibbon Till Plain</edomvd></edom></attrdomv><attrdomv><edom><edomv>251Ba21</edomv><edomvd>Grogan Sand Plain</edomvd></edom></attrdomv><attrdomv><edom><edomv>251Ba22</edomv><edomvd>Amboy Moraine</edomvd></edom></attrdomv><attrdomv><edom><edomv>251Ba23</edomv><edomvd>Kandiyohi Moraine</edomvd></edom></attrdomv><attrdomv><edom><edomv>251Ba27</edomv><edomvd>Vernon Center Moraine</edomvd></edom></attrdomv><attrdomv><edom><edomv>251Ba28</edomv><edomvd>Bellgrade Sand Plain</edomvd></edom></attrdomv><attrdomv><edom><edomv>251Ba29</edomv><edomvd>Corvuso Moraine</edomvd></edom></attrdomv><attrdomv><edom><edomv>251Ba30</edomv><edomvd>Keister Moraine</edomvd></edom></attrdomv><attrdomv><edom><edomv>251Ba31</edomv><edomvd>Pemberton Moraine</edomvd></edom></attrdomv><attrdomv><edom><edomv>251Ba32</edomv><edomvd>Meire Grove Till Plain</edomvd></edom></attrdomv><attrdomv><edom><edomv>251Bb01</edomv><edomvd>Tracey Till Plain</edomvd></edom></attrdomv><attrdomv><edom><edomv>251Bb02</edomv><edomvd>Slayton Moraine</edomvd></edom></attrdomv><attrdomv><edom><edomv>251Bb03</edomv><edomvd>Lake Benton Till Plain</edomvd></edom></attrdomv><attrdomv><edom><edomv>251Bb04</edomv><edomvd>Buffalo Ridge</edomvd></edom></attrdomv><attrdomv><edom><edomv>251Bb05</edomv><edomvd>Windom Moraine</edomvd></edom></attrdomv><attrdomv><edom><edomv>251Bb06</edomv><edomvd>Heron Lake Till Plain</edomvd></edom></attrdomv><attrdomv><edom><edomv>251Bc01</edomv><edomvd>Woodstock Till Plain</edomvd></edom></attrdomv><attrdomv><edom><edomv>251Bc02</edomv><edomvd>Trosky Till Plain</edomvd></edom></attrdomv><attrdomv><edom><edomv>251Bc03</edomv><edomvd>Blue Mounds</edomvd></edom></attrdomv><attrdomv><edom><edomv>251Bc04</edomv><edomvd>Beaver Creek Till Plain</edomvd></edom></attrdomv><attrdomv><edom><edomv>251Bc05</edomv><edomvd>Luverne Alluvial Plain</edomvd></edom></attrdomv></attr><attr><attrlabl>VERSION</attrlabl><attrdef>ECS Version (Year and Version)</attrdef><attrdomv><edom><edomv>2000a</edomv><edomvd>Initial LTA Published Polygons</edomvd></edom></attrdomv></attr></detailed></eainfo><distinfo><distliab>The Minnesota Department of Natural Resources General Geographic Data License Agreement is online: http://www.dnr.state.mn.us/sitetools/data_software_license.html</distliab><stdorder><digform><digtinfo><formname>Shapefile</formname><formvern>Not Applicable</formvern><transize></transize></digtinfo></digform><ordering>Please visit the download page for this dataset on the Minnesota Geospatial Commons website using the web link below (Online Linkage).</ordering></stdorder><resdesc>geos_ecological_class_system</resdesc><distrib><cntinfo><cntperp><cntorg>Minnesota Department of Natural Resources</cntorg><cntper>Zeb Thomas</cntper></cntperp><cntpos>GIS Data Systems Coordinator</cntpos><cntaddr><address>500 Lafayette Rd</address><city>Saint Paul</city><state>MN</state><postal>55155</postal></cntaddr><cntvoice>651-259-5637</cntvoice><cntemail>zeb.thomas@state.mn.us</cntemail></cntinfo></distrib></distinfo><metainfo><metd>20141218</metd><metstdn>Minnesota Geographic Metadata Guidelines</metstdn><metstdv>1.2</metstdv><metextns><onlink>http://www.mngeo.state.mn.us/committee/standards/mgmg/metadata.htm</onlink></metextns><metc><cntinfo><cntperp><cntorg>Minnesota Department of Natural Resources</cntorg><cntper>Zeb Thomas</cntper></cntperp><cntpos>GIS Data Systems Coordinator</cntpos><cntaddr><address>500 Lafayette Rd</address><city>Saint Paul</city><state>MN</state><postal>55155</postal></cntaddr><cntvoice>651-259-5637</cntvoice><cntemail>zeb.thomas@state.mn.us</cntemail></cntinfo></metc></metainfo></metadata>